AB1,57.1269,-2.13644
AB2,57.1713,-2.14152
AB3,57.0876,-2.59624
AB4,57.5343,-2.12713
AB5,57.4652,-2.64764
AB9,57.1466,-2.1142
AB10,57.1348,-2.11747
AB11,57.1371,-2.09343
AB12,57.1033,-2.11004
AB13,57.1123,-2.24386
AB14,57.1033,-2.27256
AB15,57.1387,-2.16618
AB16,57.1596,-2.15652
AB21,57.2088,-2.20096
AB22,57.1864,-2.11935
AB23,57.2084,-2.08975
AB24,57.1634,-2.10825
AB25,57.1535,-2.1142
AB30,56.846,-2.47702
AB31,57.067,-2.50511
AB32,57.1545,-2.31485
AB33,57.226,-2.73696
AB34,57.0927,-2.81001
AB35,57.0389,-3.14441
AB36,57.1963,-3.07247
AB37,57.3309,-3.35308
AB38,57.4854,-3.22711
AB39,56.978,-2.21693
AB41,57.372,-2.11761
AB42,57.5016,-1.88824
AB43,57.6578,-2.04497
AB44,57.6682,-2.49328
AB45,57.652,-2.5678
AB51,57.2878,-2.40493
AB52,57.3421,-2.60261
AB53,57.5344,-2.4071
AB54,57.4657,-2.75612
AB55,57.5323,-2.97588
AB56,57.6735,-2.91881
AB99,57.1113,-2.09399
AL1,51.7487,-0.319445
AL2,51.7225,-0.330865
AL3,51.7754,-0.366533
AL4,51.7713,-0.295935
AL5,51.8145,-0.351518
AL6,51.8298,-0.199368
AL7,51.7986,-0.18923
AL8,51.8034,-0.210292
AL9,51.7469,-0.20168
AL10,51.7609,-0.231289
B1,52.4795,-1.90765
B2,52.4863,-1.89733
B3,52.4823,-1.90286
B4,52.4838,-1.89381
B5,52.4722,-1.89685
B6,52.5025,-1.88686
B7,52.4938,-1.87438
B8,52.49,-1.84277
B9,52.4781,-1.8528
B10,52.4701,-1.85328
B11,52.4554,-1.85994
B12,52.4609,-1.88253
B13,52.4352,-1.88249
B14,52.4188,-1.89026
B15,52.4679,-1.92355
B16,52.4755,-1.93242
B17,52.4615,-1.96292
B18,52.4915,-1.92263
B19,52.4963,-1.90616
B20,52.5134,-1.91888
B21,52.5051,-1.93638
B22,52.4117,-1.92883
B23,52.5277,-1.85182
B24,52.5196,-1.8289
B25,52.4617,-1.82588
B26,52.4608,-1.79292
B27,52.4458,-1.82375
B28,52.4278,-1.84323
B29,52.4377,-1.94592
B30,52.4212,-1.92811
B31,52.4091,-1.97309
B32,52.4508,-1.99446
B33,52.4807,-1.7879
B34,52.4957,-1.78168
B35,52.5173,-1.78995
B36,52.5045,-1.77993
B37,52.4784,-1.74183
B38,52.401,-1.93406
B40,52.4588,-1.72515
B42,52.5346,-1.9051
B43,52.5476,-1.92824
B44,52.545,-1.88565
B45,52.3885,-2.0086
B46,52.5072,-1.69756
B47,52.3887,-1.88118
B48,52.3569,-1.95163
B49,52.2171,-1.86772
B50,52.17,-1.85648
B60,52.3241,-2.0503
B61,52.344,-2.06742
B62,52.4597,-2.03709
B63,52.4531,-2.06739
B64,52.4724,-2.06908
B65,52.4828,-2.04343
B66,52.4936,-1.96589
B67,52.4876,-1.97737
B68,52.4801,-2.00183
B69,52.5028,-2.02556
B70,52.5198,-2.0027
B71,52.5348,-1.99009
B72,52.5545,-1.82364
B73,52.5593,-1.83769
B74,52.5824,-1.85733
B75,52.5778,-1.81122
B76,52.5447,-1.78996
B77,52.6201,-1.67189
B78,52.6064,-1.6746
B79,52.6481,-1.68239
B80,52.2792,-1.89713
B90,52.4015,-1.82613
B91,52.414,-1.78071
B92,52.4353,-1.77428
B93,52.383,-1.74223
B94,52.353,-1.79122
B95,52.2872,-1.78055
B96,52.255,-1.95934
B97,52.3032,-1.94975
B98,52.3037,-1.91615
B99,52.4959,-1.89425
BA1,51.3888,-2.36025
BA2,51.3621,-2.37633
BA3,51.2856,-2.44927
BA4,51.1745,-2.53335
BA5,51.2117,-2.65459
BA6,51.1431,-2.70923
BA7,51.0892,-2.51847
BA8,51.0003,-2.41085
BA9,51.0577,-2.4101
BA10,51.1122,-2.44727
BA11,51.2376,-2.32652
BA12,51.1743,-2.18725
BA13,51.263,-2.18464
BA14,51.3191,-2.20281
BA15,51.3484,-2.26238
BA16,51.1266,-2.74313
BA20,50.939,-2.6427
BA21,50.9511,-2.63378
BA22,50.9681,-2.63757
BB0,53.7534,-2.46423
BB1,53.7552,-2.46576
BB2,53.7418,-2.49802
BB3,53.6979,-2.4664
BB4,53.7034,-2.29115
BB5,53.7546,-2.37221
BB6,53.804,-2.41572
BB7,53.8721,-2.38905
BB8,53.8794,-2.16805
BB9,53.837,-2.21581
BB10,53.7994,-2.22169
BB11,53.7847,-2.25085
BB12,53.8021,-2.28883
BB18,53.915,-2.17254
BB94,53.9155,-2.14015
BD1,53.7973,-1.75431
BD2,53.8141,-1.73627
BD3,53.7979,-1.72995
BD4,53.7767,-1.72171
BD5,53.7793,-1.75837
BD6,53.7649,-1.78477
BD7,53.7842,-1.78108
BD8,53.8014,-1.78064
BD9,53.8115,-1.78812
BD10,53.8308,-1.72623
BD11,53.7498,-1.67929
BD12,53.7479,-1.76243
BD13,53.7877,-1.85612
BD14,53.7833,-1.81732
BD15,53.808,-1.83511
BD16,53.8476,-1.83214
BD17,53.845,-1.76912
BD18,53.8305,-1.77672
BD19,53.7267,-1.71439
BD20,53.8956,-1.94575
BD21,53.8646,-1.90833
BD22,53.8469,-1.95228
BD23,53.9889,-2.05233
BD24,54.0774,-2.28141
BD97,53.8267,-1.79672
BD98,53.817,-1.76544
BD99,53.7946,-1.75879
BF1,,
BH1,50.7253,-1.8631
BH2,50.7219,-1.88127
BH3,50.7355,-1.88024
BH4,50.7217,-1.9005
BH5,50.7258,-1.8371
BH6,50.7277,-1.8092
BH7,50.7345,-1.83421
BH8,50.7398,-1.85393
BH9,50.7498,-1.87481
BH10,50.7591,-1.89328
BH11,50.7607,-1.91984
BH12,50.7379,-1.92513
BH13,50.7104,-1.91837
BH14,50.7223,-1.94553
BH15,50.7209,-1.9848
BH16,50.7381,-2.04434
BH17,50.7458,-1.9732
BH18,50.7571,-1.99158
BH19,50.6114,-1.96989
BH20,50.6875,-2.14477
BH21,50.8185,-1.96443
BH22,50.8062,-1.88912
BH23,50.7453,-1.75855
BH24,50.846,-1.78772
BH25,50.7523,-1.65864
BH31,50.8748,-1.86916
BL0,53.6435,-2.31623
BL1,53.5889,-2.44078
BL2,53.5877,-2.39783
BL3,53.5662,-2.43208
BL4,53.5473,-2.40337
BL5,53.5518,-2.51722
BL6,53.5911,-2.53994
BL7,53.6282,-2.42306
BL8,53.602,-2.32375
BL9,53.592,-2.28886
BL11,53.5723,-2.42538
BL78,53.5615,-2.40861
BN1,50.8372,-0.1401
BN2,50.8245,-0.107949
BN3,50.8344,-0.175344
BN4,50.8493,-0.256373
BN5,50.9244,-0.268139
BN6,50.9295,-0.152894
BN7,50.8783,0.00286477
BN8,50.9124,0.0508325
BN9,50.7953,0.0267252
BN10,50.7956,0.00174666
BN11,50.8137,-0.375469
BN12,50.8142,-0.426937
BN13,50.8303,-0.406299
BN14,50.8308,-0.379934
BN15,50.83,-0.325139
BN16,50.8155,-0.498005
BN17,50.8152,-0.537106
BN18,50.8489,-0.578165
BN20,50.774,0.254867
BN21,50.7721,0.274572
BN22,50.7879,0.283443
BN23,50.7985,0.312691
BN24,50.8156,0.325936
BN25,50.776,0.107309
BN26,50.8214,0.224679
BN27,50.8708,0.262779
BN41,50.8391,-0.215318
BN42,50.8368,-0.232062
BN43,50.8354,-0.268056
BN44,50.8928,-0.318618
BN45,50.8884,-0.183216
BN50,50.826,-0.140768
BN51,50.8048,-0.0586691
BN52,50.8338,-0.168065
BN88,50.827,-0.140775
BN91,,
BN95,50.8232,-0.330024
BN99,50.8216,-0.355297
BR1,51.4107,0.0194209
BR2,51.3904,0.0216551
BR3,51.4035,-0.0316481
BR4,51.3757,-0.00987833
BR5,51.3892,0.102545
BR6,51.3674,0.0924935
BR7,51.4118,0.0596186
BR8,51.3976,0.174803
BR98,,
BS0,51.3439,-2.95702
BS1,51.4539,-2.59212
BS2,51.459,-2.58116
BS3,51.4386,-2.60344
BS4,51.4363,-2.56383
BS5,51.4621,-2.55286
BS6,51.4702,-2.59847
BS7,51.4866,-2.58161
BS8,51.4575,-2.61951
BS9,51.4883,-2.62538
BS10,51.5056,-2.61159
BS11,51.4987,-2.67842
BS12,51.5555,-2.55897
BS13,51.4121,-2.61175
BS14,51.4132,-2.56273
BS15,51.4548,-2.49612
BS16,51.4855,-2.5124
BS17,51.5289,-2.44225
BS18,51.3675,-2.58386
BS19,51.4075,-2.76987
BS20,51.4806,-2.75696
BS21,51.4361,-2.8514
BS22,51.3606,-2.92825
BS23,51.3435,-2.96957
BS24,51.3312,-2.92484
BS25,51.3206,-2.82668
BS26,51.2804,-2.85067
BS27,51.2724,-2.7722
BS28,51.2274,-2.8154
BS29,51.3298,-2.87308
BS30,51.4464,-2.47545
BS31,51.4096,-2.4934
BS32,51.5415,-2.5611
BS34,51.5252,-2.56765
BS35,51.5972,-2.54845
BS36,51.5262,-2.48786
BS37,51.5399,-2.4184
BS38,,
BS39,51.3282,-2.53285
BS40,51.3469,-2.69319
BS41,51.4235,-2.65442
BS48,51.4265,-2.74977
BS49,51.3824,-2.81587
BS77,51.4387,-2.60153
BS80,51.5035,-2.61308
BS98,51.4594,-2.58461
BS99,51.4578,-2.57532
BT1,54.5995,-5.92844
BT2,54.5934,-5.93074
BT3,54.6186,-5.90486
BT4,54.6027,-5.86814
BT5,54.5886,-5.87376
BT6,54.5808,-5.89837
BT7,54.5832,-5.92495
BT8,54.5454,-5.9083
BT9,54.5721,-5.9502
BT10,54.5598,-5.98645
BT11,54.5762,-5.99813
BT12,54.5924,-5.95633
BT13,54.6058,-5.95844
BT14,54.6211,-5.96227
BT15,54.6219,-5.93166
BT16,54.5909,-5.79812
BT17,54.5532,-6.01945
BT18,54.6404,-5.82383
BT19,54.6508,-5.65797
BT20,54.6591,-5.66538
BT21,54.6405,-5.54687
BT22,54.5033,-5.51476
BT23,54.5718,-5.70752
BT24,54.4177,-5.87161
BT25,54.3965,-6.11571
BT26,54.4541,-6.06388
BT27,54.5092,-6.02422
BT28,54.522,-6.08505
BT29,54.6214,-6.19764
BT30,54.3332,-5.70269
BT31,54.2767,-5.96875
BT32,54.3362,-6.24735
BT33,54.2231,-5.89094
BT34,54.1532,-6.18141
BT35,54.165,-6.4398
BT36,54.6782,-5.95963
BT37,54.6765,-5.90826
BT38,54.7288,-5.80082
BT39,54.745,-6.01821
BT40,54.8467,-5.82279
BT41,54.7316,-6.25438
BT42,54.8546,-6.2767
BT43,54.8904,-6.26619
BT44,54.973,-6.28393
BT45,54.7597,-6.63912
BT46,54.8655,-6.66261
BT47,54.9805,-7.23167
BT48,55.0089,-7.32756
BT49,55.0477,-6.95202
BT51,55.0612,-6.68316
BT52,55.1336,-6.65593
BT53,55.0851,-6.47702
BT54,55.2037,-6.25692
BT55,55.1795,-6.71018
BT56,55.1975,-6.65065
BT57,55.2032,-6.51865
BT58,,
BT60,54.2925,-6.64748
BT61,54.3671,-6.6259
BT62,54.4127,-6.46438
BT63,54.4083,-6.39271
BT64,54.4492,-6.38935
BT65,54.4447,-6.36603
BT66,54.4553,-6.33347
BT67,54.4869,-6.26839
BT68,54.3644,-6.84812
BT69,54.42,-6.94942
BT70,54.5145,-6.88166
BT71,54.5127,-6.7062
BT74,54.3447,-7.66332
BT75,54.3746,-7.31425
BT76,54.4204,-7.19221
BT77,54.4292,-7.12041
BT78,54.5726,-7.37201
BT79,54.6224,-7.20448
BT80,54.6458,-6.74442
BT81,54.696,-7.61208
BT82,54.8264,-7.43104
BT92,54.2238,-7.46494
BT93,54.4676,-7.82575
BT94,54.3767,-7.53673
BT99,54.6027,-5.92249
CA1,54.8871,-2.91836
CA2,54.8849,-2.95067
CA3,54.9059,-2.93997
CA4,54.8566,-2.82071
CA5,54.8205,-3.21165
CA6,54.987,-2.8679
CA7,54.8085,-3.23528
CA8,54.9395,-2.68827
CA9,54.8013,-2.41746
CA10,54.6135,-2.66272
CA11,54.6647,-2.78246
CA12,54.6022,-3.13458
CA13,54.6604,-3.36798
CA14,54.6351,-3.53955
CA15,54.7119,-3.48204
CA16,54.5742,-2.48466
CA17,54.4799,-2.35039
CA18,54.3546,-3.39051
CA19,54.387,-3.38615
CA20,54.4099,-3.46353
CA21,54.4453,-3.51654
CA22,54.4804,-3.53226
CA23,54.514,-3.49401
CA24,54.5138,-3.54283
CA25,54.5219,-3.51946
CA26,54.5445,-3.48498
CA27,54.4909,-3.59292
CA28,54.5436,-3.57955
CA95,54.6448,-3.56641
CA99,54.8908,-2.94382
CB1,52.1861,0.16752
CB2,52.1719,0.129679
CB3,52.214,0.0330877
CB4,52.2437,0.11761
CB5,52.2336,0.199442
CB6,52.4032,0.224584
CB7,52.3705,0.31152
CB8,52.233,0.420626
CB9,52.083,0.439977
CB10,52.0294,0.258534
CB11,52.0018,0.214136
CB21,52.1304,0.27928
CB22,52.1331,0.13593
CB23,52.2168,-0.0227326
CB24,52.275,0.0847859
CB25,52.2568,0.245453
CF1,51.4764,-3.18195
CF2,51.4979,-3.16238
CF3,51.518,-3.11862
CF4,51.5221,-3.21915
CF5,51.4829,-3.24146
CF6,51.4174,-3.26763
CF7,51.5072,-3.4185
CF8,51.6297,-3.2357
CF10,51.4736,-3.17729
CF11,51.4706,-3.19244
CF14,51.5202,-3.20251
CF15,51.5339,-3.27126
CF21,,
CF23,51.5136,-3.14525
CF24,51.4847,-3.16638
CF30,51.5196,-3.11956
CF31,51.5077,-3.57536
CF32,51.5577,-3.58273
CF33,51.5245,-3.68713
CF34,51.6108,-3.65265
CF35,51.5213,-3.52735
CF36,51.484,-3.69978
CF37,51.6015,-3.3342
CF38,51.5609,-3.33349
CF39,51.6019,-3.4265
CF40,51.6205,-3.45267
CF41,51.6478,-3.48273
CF42,51.6666,-3.52194
CF43,51.657,-3.4496
CF44,51.7172,-3.45709
CF45,51.67,-3.36279
CF46,51.6639,-3.30142
CF47,51.7507,-3.37546
CF48,51.7427,-3.37063
CF61,51.4094,-3.48102
CF62,51.4043,-3.30867
CF63,51.4106,-3.26027
CF64,51.4345,-3.18808
CF71,51.4569,-3.46481
CF72,51.5299,-3.39972
CF81,51.6998,-3.24399
CF82,51.6495,-3.23716
CF83,51.5855,-3.2205
CF91,51.4656,-3.19392
CF95,51.4812,-3.17104
CF99,51.4645,-3.16134
CH1,53.1993,-2.90006
CH2,53.2155,-2.87072
CH3,53.168,-2.82584
CH4,53.1695,-2.93822
CH5,53.2048,-3.03919
CH6,53.2492,-3.14459
CH7,53.1695,-3.13424
CH8,53.2823,-3.24152
CH25,53.397,-3.0118
CH26,53.3657,-3.06592
CH27,53.4211,-3.04213
CH28,53.4005,-3.11195
CH29,53.3903,-3.17941
CH30,53.379,-3.09845
CH31,53.3297,-3.09887
CH32,53.362,-2.99764
CH33,53.2906,-3.06264
CH34,53.2826,-2.90891
CH41,53.3947,-3.03076
CH42,53.3752,-3.02215
CH43,53.3829,-3.06013
CH44,53.4156,-3.0373
CH45,53.4283,-3.05078
CH46,53.4039,-3.11091
CH47,53.3958,-3.17021
CH48,53.3726,-3.17083
CH49,53.381,-3.10334
CH60,53.3269,-3.09642
CH61,53.3474,-3.10177
CH62,53.3358,-2.98215
CH63,53.3458,-3.01137
CH64,53.2884,-3.04927
CH65,53.2782,-2.90251
CH66,53.2779,-2.93545
CH70,53.1927,-2.92254
CH88,53.1779,-2.89582
CH99,53.1872,-2.88946
CM0,51.6599,0.832697
CM1,51.7453,0.465683
CM2,51.7237,0.484952
CM3,51.7155,0.58664
CM4,51.675,0.388603
CM5,51.7185,0.247771
CM6,51.8784,0.372601
CM7,51.8861,0.54784
CM8,51.8049,0.638717
CM9,51.7394,0.696009
CM11,51.624,0.44286
CM12,51.6269,0.414849
CM13,51.6155,0.334496
CM14,51.6189,0.295363
CM15,51.6413,0.304272
CM16,51.7002,0.118677
CM17,51.7724,0.140849
CM18,51.7567,0.104684
CM19,51.7614,0.0742991
CM20,51.7746,0.100561
CM21,51.812,0.14777
CM22,51.8653,0.217107
CM23,51.8708,0.159074
CM24,51.8976,0.206624
CM77,51.8677,0.552564
CM92,51.7694,0.061253
CM98,51.7521,0.518448
CM99,51.7394,0.491997
CO1,51.8822,0.893173
CO2,51.871,0.895385
CO3,51.8854,0.858441
CO4,51.9067,0.920831
CO5,51.8139,0.822291
CO6,51.9327,0.793411
CO7,51.881,1.00284
CO8,51.9734,0.766637
CO9,51.9683,0.610491
CO10,52.054,0.726648
CO11,51.9425,1.07541
CO12,51.9323,1.2557
CO13,51.8382,1.23797
CO14,51.8502,1.26765
CO15,51.7966,1.15518
CO16,51.8191,1.12553
CR0,51.3732,-0.0781187
CR2,51.3451,-0.0954276
CR3,51.2979,-0.0968543
CR4,51.4025,-0.14468
CR5,51.3133,-0.14141
CR6,51.3033,-0.0572249
CR7,51.3927,-0.103489
CR8,51.3364,-0.111069
CR9,51.3748,-0.0950462
CR44,51.3823,-0.132896
CR90,51.3773,-0.10597
CT1,51.2787,1.08649
CT2,51.2922,1.08155
CT3,51.2773,1.20742
CT4,51.2281,1.06785
CT5,51.3543,1.03459
CT6,51.3643,1.12857
CT7,51.3717,1.30253
CT8,51.3806,1.34063
CT9,51.384,1.3881
CT10,51.3629,1.42912
CT11,51.3365,1.41248
CT12,51.3432,1.37067
CT13,51.2688,1.33079
CT14,51.2173,1.3869
CT15,51.1713,1.28365
CT16,51.1392,1.30153
CT17,51.1287,1.29529
CT18,51.1126,1.15034
CT19,51.0884,1.16849
CT20,51.0797,1.16531
CT21,51.0731,1.07797
CT50,51.0792,1.14402
CV1,52.409,-1.50752
CV2,52.4233,-1.46773
CV3,52.3939,-1.48296
CV4,52.3997,-1.55558
CV5,52.4119,-1.54833
CV6,52.4309,-1.50727
CV7,52.4423,-1.55894
CV8,52.3511,-1.54736
CV9,52.5841,-1.55906
CV10,52.5256,-1.49873
CV11,52.5201,-1.45697
CV12,52.477,-1.47374
CV13,52.608,-1.41786
CV21,52.3706,-1.27176
CV22,52.3578,-1.28386
CV23,52.3499,-1.30387
CV31,52.28,-1.52704
CV32,52.2957,-1.53194
CV33,52.2381,-1.44274
CV34,52.2845,-1.58511
CV35,52.233,-1.59578
CV36,52.0712,-1.62982
CV37,52.1874,-1.71462
CV47,52.2364,-1.38653
CW1,53.0998,-2.43059
CW2,53.0814,-2.4456
CW3,53.0036,-2.41096
CW4,53.2042,-2.34031
CW5,53.0632,-2.52218
CW6,53.1616,-2.66738
CW7,53.1907,-2.52748
CW8,53.2542,-2.55922
CW9,53.2596,-2.50403
CW10,53.1891,-2.44906
CW11,53.1432,-2.36515
CW12,53.1661,-2.21562
CW98,53.0887,-2.43114
DA1,51.4473,0.209329
DA2,51.4332,0.231906
DA3,51.386,0.306398
DA4,51.3928,0.230811
DA5,51.441,0.147448
DA6,51.4561,0.138916
DA7,51.465,0.143437
DA8,51.4761,0.179661
DA9,51.4482,0.28064
DA10,51.4437,0.300407
DA11,51.4355,0.351898
DA12,51.4305,0.384153
DA13,51.3861,0.354275
DA14,51.4259,0.110463
DA15,51.4399,0.0989098
DA16,51.4645,0.109011
DA17,51.4869,0.150167
DA18,51.4915,0.145949
DD1,56.4618,-2.97729
DD2,56.471,-3.02764
DD3,56.482,-2.98938
DD4,56.4819,-2.93572
DD5,56.4794,-2.86345
DD6,56.4371,-2.92664
DD7,56.5028,-2.7195
DD8,56.6556,-2.92209
DD9,56.7476,-2.66686
DD10,56.7454,-2.43072
DD11,56.5724,-2.59799
DE1,52.9189,-1.47269
DE2,52.9132,-1.44088
DE3,52.9154,-1.50831
DE4,53.1437,-1.5856
DE5,53.0569,-1.42592
DE6,52.9628,-1.66712
DE7,52.9399,-1.34312
DE11,52.773,-1.55708
DE12,52.7277,-1.55429
DE13,52.8079,-1.68771
DE14,52.8071,-1.63881
DE15,52.7997,-1.61028
DE21,52.9324,-1.4352
DE22,52.9331,-1.49752
DE23,52.8994,-1.49965
DE24,52.8906,-1.45356
DE45,53.2145,-1.67733
DE55,53.0996,-1.37192
DE56,53.0212,-1.47695
DE65,52.8664,-1.61981
DE72,52.8941,-1.3671
DE73,52.8493,-1.43847
DE74,52.8482,-1.34085
DE75,53.012,-1.35323
DE99,52.9151,-1.46414
DG1,55.0733,-3.58544
DG2,55.0652,-3.65697
DG3,55.2368,-3.79923
DG4,55.3752,-3.95513
DG5,54.9214,-3.81294
DG6,54.8372,-4.05553
DG7,54.9663,-4.00879
DG8,54.8745,-4.51414
DG9,54.8786,-5.02292
DG10,55.3211,-3.43915
DG11,55.1147,-3.34067
DG12,54.9898,-3.25147
DG13,55.1746,-3.03268
DG14,55.0801,-2.98759
DG16,54.9969,-3.06813
DH1,54.7826,-1.56261
DH2,54.8599,-1.59827
DH3,54.8702,-1.56947
DH4,54.8529,-1.49027
DH5,54.8245,-1.4558
DH6,54.7536,-1.46473
DH7,54.7894,-1.66158
DH8,54.8533,-1.83306
DH9,54.8678,-1.71093
DH97,54.7863,-1.55527
DH98,54.8873,-1.58841
DH99,54.7879,-1.5503
DL1,54.528,-1.54138
DL2,54.5276,-1.59271
DL3,54.5312,-1.56905
DL4,54.6309,-1.64571
DL5,54.6163,-1.5769
DL6,54.3681,-1.39381
DL7,54.337,-1.47935
DL8,54.2947,-1.78551
DL9,54.376,-1.71087
DL10,54.4131,-1.69944
DL11,54.439,-1.87136
DL12,54.5705,-1.98218
DL13,54.7166,-1.95203
DL14,54.6533,-1.69031
DL15,54.7096,-1.72918
DL16,54.6991,-1.6039
DL17,54.6812,-1.54307
DL98,54.5275,-1.5597
DN1,53.5211,-1.11832
DN2,53.5327,-1.1042
DN3,53.5437,-1.06471
DN4,53.506,-1.12216
DN5,53.5367,-1.1712
DN6,53.5948,-1.17697
DN7,53.5804,-1.01766
DN8,53.6145,-0.956331
DN9,53.5056,-0.90463
DN10,53.4266,-0.941455
DN11,53.4497,-1.08393
DN12,53.4833,-1.22366
DN14,53.7077,-0.934597
DN15,53.6096,-0.652577
DN16,53.5684,-0.639975
DN17,53.5733,-0.703173
DN18,53.6818,-0.446423
DN19,53.6845,-0.364946
DN20,53.558,-0.50362
DN21,53.4173,-0.709981
DN22,53.3245,-0.929795
DN31,53.5709,-0.0844305
DN32,53.5632,-0.0710952
DN33,53.5406,-0.0985397
DN34,53.5581,-0.112081
DN35,53.5555,-0.037955
DN36,53.5136,-0.0400797
DN37,53.551,-0.149536
DN38,53.5601,-0.39717
DN39,53.617,-0.329403
DN40,53.6216,-0.224071
DN41,53.5848,-0.195609
DN55,53.5129,-1.12572
DT1,50.7124,-2.44376
DT2,50.7484,-2.44987
DT3,50.6405,-2.46693
DT4,50.6099,-2.46319
DT5,50.5493,-2.44278
DT6,50.7387,-2.77485
DT7,50.7293,-2.94578
DT8,50.8149,-2.75797
DT9,50.9425,-2.51663
DT10,50.937,-2.33149
DT11,50.8614,-2.17991
DY1,52.5152,-2.09439
DY2,52.4976,-2.08261
DY3,52.5297,-2.12854
DY4,52.5319,-2.05447
DY5,52.4809,-2.12283
DY6,52.4989,-2.16442
DY7,52.4647,-2.21801
DY8,52.46,-2.154
DY9,52.4375,-2.12418
DY10,52.3862,-2.22922
DY11,52.3853,-2.26045
DY12,52.3864,-2.32389
DY13,52.3372,-2.28083
DY14,52.3809,-2.45589
E1,51.5163,-0.0603951
E1W,51.5116,-0.0593196
E2,51.5301,-0.0622602
E3,51.5282,-0.0258794
E4,51.6238,-0.00327293
E5,51.5593,-0.0545009
E6,51.5252,0.0551476
E7,51.5476,0.0261694
E8,51.5414,-0.0650632
E9,51.5419,-0.0465369
E10,51.5687,-0.012773
E11,51.5674,0.0116793
E12,51.551,0.0508617
E13,51.5282,0.0256931
E14,51.5076,-0.021002
E15,51.5387,0.000651606
E16,51.5116,0.0204802
E17,51.5864,-0.0201821
E18,51.5926,0.0255309
E20,51.5465,-0.0100676
E77,51.5139,-0.069129
E98,51.5086,-0.0641003
EC1A,51.5203,-0.104445
EC1M,51.5214,-0.103592
EC1N,51.52,-0.109139
EC1P,51.5245,-0.112055
EC1R,51.5245,-0.10898
EC1V,51.5265,-0.099348
EC1Y,51.5231,-0.0933856
EC2A,51.5232,-0.0880545
EC2M,51.5184,-0.0868254
EC2N,51.516,-0.0875086
EC2P,51.524,-0.110437
EC2R,51.5163,-0.0918739
EC2V,51.5158,-0.0949401
EC2Y,51.52,-0.0963437
EC3A,51.5149,-0.0820123
EC3B,51.514,-0.081823
EC3M,51.5122,-0.0837351
EC3N,51.5127,-0.0798249
EC3P,51.5222,-0.106329
EC3R,51.5112,-0.0846525
EC3V,51.5133,-0.0869103
EC4A,51.5159,-0.108661
EC4M,51.5149,-0.100593
EC4N,51.5134,-0.093104
EC4P,51.5228,-0.110311
EC4R,51.5114,-0.0917518
EC4V,51.5126,-0.100246
EC4Y,51.5137,-0.108858
EC50,51.5245,-0.112088
EC88,51.5245,-0.0791226
EH1,55.9522,-3.19175
EH2,55.9532,-3.20031
EH3,55.9525,-3.20419
EH4,55.9624,-3.25553
EH5,55.9745,-3.21916
EH6,55.9711,-3.17398
EH7,55.9599,-3.16502
EH8,55.9499,-3.16628
EH9,55.9332,-3.18696
EH10,55.9215,-3.21079
EH11,55.9334,-3.25126
EH12,55.9414,-3.27379
EH13,55.9086,-3.24256
EH14,55.9115,-3.28091
EH15,55.9471,-3.11303
EH16,55.9237,-3.15171
EH17,55.9074,-3.14418
EH18,55.8766,-3.12166
EH19,55.8725,-3.10509
EH20,55.8786,-3.15424
EH21,55.939,-3.04705
EH22,55.8854,-3.06148
EH23,55.8408,-3.05186
EH24,55.851,-3.13514
EH25,55.8584,-3.17795
EH26,55.8329,-3.22398
EH27,55.8908,-3.42471
EH28,55.9286,-3.4031
EH29,55.9569,-3.39547
EH30,55.9828,-3.37905
EH31,56.0378,-2.8208
EH32,55.9664,-2.95309
EH33,55.9418,-2.94506
EH34,55.9106,-2.88532
EH35,55.9115,-2.94427
EH36,55.8556,-2.85332
EH37,55.8634,-2.96621
EH38,55.7851,-2.9619
EH39,56.048,-2.73296
EH40,55.9914,-2.65185
EH41,55.9495,-2.7771
EH42,55.9939,-2.52448
EH43,55.6239,-3.01165
EH44,55.6209,-3.07053
EH45,55.6542,-3.1905
EH46,55.7342,-3.34358
EH47,55.8607,-3.66433
EH48,55.8985,-3.66064
EH49,55.9768,-3.60277
EH51,56.0116,-3.60539
EH52,55.9362,-3.48905
EH53,55.8938,-3.47756
EH54,55.892,-3.52483
EH55,55.8483,-3.57408
EH91,55.9272,-3.2907
EH95,55.9786,-3.25352
EH99,55.9519,-3.19475
EN1,51.6532,-0.070678
EN2,51.6585,-0.0917041
EN3,51.6582,-0.0416904
EN4,51.648,-0.162794
EN5,51.6484,-0.190769
EN6,51.699,-0.179747
EN7,51.7082,-0.0645231
EN8,51.6964,-0.0332458
EN9,51.6946,0.0103813
EN10,51.7409,-0.0211263
EN11,51.7639,-0.00932631
EN77,,
EX1,50.7266,-3.51084
EX2,50.7115,-3.51545
EX3,50.6937,-3.45966
EX4,50.7302,-3.52651
EX5,50.7549,-3.43762
EX6,50.6757,-3.59279
EX7,50.5859,-3.471
EX8,50.6285,-3.40313
EX9,50.6389,-3.32366
EX10,50.692,-3.24574
EX11,50.7471,-3.28868
EX12,50.7067,-3.08126
EX13,50.7738,-3.02545
EX14,50.811,-3.20018
EX15,50.8755,-3.34565
EX16,50.9205,-3.49091
EX17,50.8102,-3.70172
EX18,50.9017,-3.88662
EX19,50.876,-3.99963
EX20,50.7509,-4.01532
EX21,50.8036,-4.20909
EX22,50.8266,-4.3668
EX23,50.8249,-4.53437
EX24,50.7375,-3.08746
EX31,51.0858,-4.06672
EX32,51.0732,-4.02682
EX33,51.1126,-4.1662
EX34,51.1993,-4.10737
EX35,51.2247,-3.82937
EX36,51.0169,-3.79876
EX37,50.9793,-3.95514
EX38,50.9452,-4.15073
EX39,51.016,-4.24283
FK1,55.9886,-3.7931
FK2,56.005,-3.7579
FK3,56.0119,-3.72033
FK4,55.9976,-3.90734
FK5,56.0255,-3.82014
FK6,56.0216,-3.91463
FK7,56.0993,-3.91802
FK8,56.129,-4.03462
FK9,56.1416,-3.94118
FK10,56.115,-3.78338
FK11,56.1499,-3.85114
FK12,56.1521,-3.80166
FK13,56.1502,-3.74249
FK14,56.1629,-3.66674
FK15,56.2001,-3.95221
FK16,56.1911,-4.05948
FK17,56.2405,-4.21951
FK18,56.3157,-4.31675
FK19,56.3731,-4.31155
FK20,56.4074,-4.61056
FK21,56.4662,-4.32084
FY0,53.7546,-3.00814
FY1,53.8161,-3.04824
FY2,53.8444,-3.04022
FY3,53.821,-3.02266
FY4,53.792,-3.03065
FY5,53.8736,-3.02435
FY6,53.8652,-2.98067
FY7,53.9165,-3.02549
FY8,53.7504,-3.00641
G1,55.8604,-4.24912
G2,55.8635,-4.25594
G3,55.8663,-4.27031
G4,55.8682,-4.25168
G5,55.8477,-4.25403
G9,55.8687,-4.24226
G11,55.8735,-4.31324
G12,55.8797,-4.30203
G13,55.8929,-4.34713
G14,55.8801,-4.35055
G15,55.9103,-4.36695
G20,55.8855,-4.28205
G21,55.8805,-4.2228
G22,55.8896,-4.25263
G23,55.9022,-4.28527
G31,55.8562,-4.20942
G32,55.8488,-4.1663
G33,55.8729,-4.16504
G34,55.8679,-4.11249
G40,55.8475,-4.22112
G41,55.8387,-4.28177
G42,55.834,-4.25873
G43,55.8184,-4.2922
G44,55.8142,-4.25768
G45,55.8046,-4.23309
G46,55.8043,-4.30698
G51,55.8575,-4.31315
G52,55.8496,-4.35321
G53,55.821,-4.35243
G58,55.8582,-4.2595
G59,,
G60,55.9184,-4.44412
G61,55.9191,-4.33038
G62,55.9426,-4.32032
G63,56.0425,-4.36912
G64,55.9109,-4.21793
G65,55.9721,-4.09997
G66,55.9403,-4.15448
G67,55.9478,-3.98571
G68,55.9533,-4.01057
G69,55.8739,-4.10267
G70,55.9501,-3.98759
G71,55.8217,-4.07548
G72,55.8045,-4.13046
G73,55.8217,-4.20694
G74,55.7678,-4.17775
G75,55.7513,-4.19523
G76,55.7782,-4.27343
G77,55.7741,-4.33111
G78,55.7934,-4.40926
G79,55.771,-4.22308
G80,55.8686,-4.2419
G81,55.9121,-4.40718
G82,55.951,-4.57357
G83,56.0121,-4.5876
G84,56.014,-4.75469
G90,55.8691,-4.24071
GIR,,
GL1,51.8578,-2.24474
GL2,51.8413,-2.26999
GL3,51.86,-2.181
GL4,51.8429,-2.21886
GL5,51.7393,-2.22117
GL6,51.7383,-2.19875
GL7,51.7115,-1.90587
GL8,51.6415,-2.16931
GL9,51.5611,-2.29359
GL10,51.7441,-2.28251
GL11,51.692,-2.35731
GL12,51.6283,-2.38468
GL13,51.6931,-2.45364
GL14,51.8182,-2.48227
GL15,51.7352,-2.55035
GL16,51.7951,-2.61333
GL17,51.8549,-2.50823
GL18,51.9408,-2.41392
GL19,51.938,-2.28362
GL20,52.0029,-2.13125
GL50,51.9015,-2.08149
GL51,51.8967,-2.1083
GL52,51.922,-2.06065
GL53,51.882,-2.06899
GL54,51.8979,-1.86824
GL55,52.0623,-1.77118
GL56,51.9901,-1.70399
GU1,51.2431,-0.570112
GU2,51.2448,-0.592989
GU3,51.2469,-0.621891
GU4,51.243,-0.546697
GU5,51.2064,-0.521744
GU6,51.1413,-0.484633
GU7,51.1889,-0.610711
GU8,51.152,-0.639877
GU9,51.2179,-0.795902
GU10,51.1984,-0.797416
GU11,51.2495,-0.762344
GU12,51.252,-0.733618
GU13,51.2751,-0.838673
GU14,51.2911,-0.761484
GU15,51.3356,-0.750412
GU16,51.3138,-0.731362
GU17,51.3369,-0.806665
GU18,51.3475,-0.663155
GU19,51.3591,-0.689676
GU20,51.3677,-0.657072
GU21,51.3199,-0.57739
GU22,51.3133,-0.553155
GU23,51.2978,-0.510905
GU24,51.3299,-0.625436
GU25,51.4014,-0.569744
GU26,51.1102,-0.745816
GU27,51.0835,-0.722178
GU28,50.9911,-0.628628
GU29,50.9843,-0.746616
GU30,51.0755,-0.803542
GU31,50.9978,-0.908359
GU32,51.0079,-0.961175
GU33,51.048,-0.893594
GU34,51.1406,-0.984719
GU35,51.1168,-0.850901
GU46,51.3384,-0.82391
GU47,51.3476,-0.793068
GU51,51.2852,-0.839921
GU52,51.266,-0.838272
GU95,51.3263,-0.763075
GY1,49.4669,-2.54798
GY2,49.4849,-2.54095
GY3,49.4928,-2.52725
GY4,49.4336,-2.55937
GY5,49.4633,-2.59664
GY6,49.4512,-2.5696
GY7,49.4472,-2.63552
GY8,49.4249,-2.60752
GY9,49.7147,-2.20572
GY10,49.4342,-2.35382
HA0,51.5501,-0.304743
HA1,51.5813,-0.336175
HA2,51.5756,-0.355109
HA3,51.5916,-0.322884
HA4,51.5708,-0.410445
HA5,51.5946,-0.385878
HA6,51.6101,-0.420647
HA7,51.6097,-0.307049
HA8,51.6116,-0.275241
HA9,51.5587,-0.289987
HD1,53.6469,-1.78633
HD2,53.6669,-1.77664
HD3,53.6528,-1.83027
HD4,53.6272,-1.79737
HD5,53.6476,-1.74885
HD6,53.7017,-1.78278
HD7,53.5989,-1.82922
HD8,53.6007,-1.67589
HD9,53.5792,-1.79581
HG1,53.9998,-1.53277
HG2,53.9877,-1.52803
HG3,54.0307,-1.61466
HG4,54.154,-1.55974
HG5,54.0132,-1.45959
HP1,51.7547,-0.480526
HP2,51.7621,-0.454426
HP3,51.7373,-0.471609
HP4,51.7667,-0.567768
HP5,51.713,-0.608581
HP6,51.6774,-0.60151
HP7,51.6663,-0.610419
HP8,51.6448,-0.576047
HP9,51.6104,-0.642006
HP10,51.6108,-0.710218
HP11,51.6252,-0.746376
HP12,51.6248,-0.778211
HP13,51.633,-0.741439
HP14,51.6485,-0.825779
HP15,51.6533,-0.717458
HP16,51.7024,-0.717904
HP17,51.7506,-0.850081
HP18,51.8167,-0.96138
HP19,51.8239,-0.826353
HP20,51.8197,-0.807427
HP21,51.8069,-0.806196
HP22,51.8001,-0.768842
HP23,51.795,-0.662286
HP27,51.7215,-0.830308
HR1,52.0579,-2.68818
HR2,52.0136,-2.77797
HR3,52.092,-3.06853
HR4,52.0846,-2.76101
HR5,52.1959,-3.02968
HR6,52.2316,-2.76836
HR7,52.1844,-2.52506
HR8,52.0442,-2.44224
HR9,51.9085,-2.58174
HS1,58.2121,-6.38143
HS2,58.2487,-6.45798
HS3,57.8825,-6.84957
HS4,57.8694,-6.69091
HS5,57.7971,-6.96622
HS6,57.6023,-7.29887
HS7,57.4507,-7.34222
HS8,57.2309,-7.34584
HS9,56.967,-7.47859
HU1,53.7431,-0.337036
HU2,53.7497,-0.337072
HU3,53.7413,-0.36543
HU4,53.7365,-0.399224
HU5,53.7595,-0.374516
HU6,53.7808,-0.368711
HU7,53.7886,-0.33006
HU8,53.7678,-0.305023
HU9,53.7537,-0.296011
HU10,53.7479,-0.440362
HU11,53.8305,-0.237284
HU12,53.724,-0.135511
HU13,53.7246,-0.436823
HU14,53.7274,-0.488641
HU15,53.7472,-0.618606
HU16,53.7814,-0.421211
HU17,53.8461,-0.426091
HU18,53.9087,-0.170255
HU19,53.7233,0.0341518
HU20,53.7877,-0.50126
HU55,,
HX1,53.7217,-1.86802
HX2,53.7383,-1.90426
HX3,53.7264,-1.84591
HX4,53.6807,-1.87999
HX5,53.6864,-1.83618
HX6,53.6985,-1.9233
HX7,53.7393,-2.00887
IG1,51.5592,0.0727522
IG2,51.5733,0.0794323
IG3,51.5625,0.0977634
IG4,51.5772,0.0549476
IG5,51.5859,0.064721
IG6,51.5918,0.0869499
IG7,51.6137,0.0870447
IG8,51.6102,0.0348966
IG9,51.6241,0.0388999
IG10,51.6483,0.065311
IG11,51.535,0.0917947
IM1,54.1548,-4.48399
IM2,54.1721,-4.47897
IM3,54.2035,-4.4789
IM4,54.2056,-4.42316
IM5,54.2173,-4.69203
IM6,54.2708,-4.58148
IM7,54.3164,-4.5328
IM8,54.334,-4.38964
IM9,54.1133,-4.69514
IP1,52.0626,1.1424
IP2,52.0463,1.13446
IP3,52.0421,1.18486
IP4,52.0596,1.17582
IP5,52.0615,1.23887
IP6,52.1281,1.11212
IP7,52.0664,0.949563
IP8,52.0634,1.08263
IP9,51.9931,1.14765
IP10,52.0074,1.28304
IP11,51.9669,1.3339
IP12,52.094,1.36456
IP13,52.1842,1.32057
IP14,52.2044,1.02903
IP15,52.1592,1.5945
IP16,52.2042,1.58395
IP17,52.23,1.50143
IP18,52.3305,1.66875
IP19,52.3406,1.49456
IP20,52.4059,1.31855
IP21,52.3657,1.22926
IP22,52.378,1.07189
IP23,52.3132,1.12113
IP24,52.4189,0.755812
IP25,52.5776,0.83422
IP26,52.5057,0.576687
IP27,52.4298,0.583606
IP28,52.3275,0.537749
IP29,52.1955,0.663104
IP30,52.2118,0.83531
IP31,52.2896,0.825112
IP32,52.2533,0.719289
IP33,52.2429,0.712723
IP98,52.3766,1.11066
IV1,57.4788,-4.19908
IV2,57.4678,-4.19167
IV3,57.4632,-4.27185
IV4,57.4509,-4.52452
IV5,57.468,-4.41123
IV6,57.5217,-4.46113
IV7,57.5839,-4.39253
IV8,57.5548,-4.26506
IV9,57.5696,-4.1774
IV10,57.5849,-4.12659
IV11,57.6776,-4.03865
IV12,57.5747,-3.86556
IV13,57.3454,-4.02657
IV14,57.5855,-4.54775
IV15,57.5985,-4.43119
IV16,57.6602,-4.34367
IV17,57.6987,-4.25595
IV18,57.7008,-4.15629
IV19,57.8045,-4.06098
IV20,57.7897,-3.91028
IV21,57.7244,-5.71836
IV22,57.7367,-5.50387
IV23,57.7722,-5.0257
IV24,57.891,-4.356
IV25,57.8887,-4.04085
IV26,57.9206,-5.18614
IV27,58.2726,-4.79735
IV28,58.008,-4.15799
IV30,57.6539,-3.32808
IV31,57.717,-3.2907
IV32,57.6312,-3.11395
IV33,57.5312,-3.21093
IV34,57.4679,-3.28995
IV35,57.4687,-3.35631
IV36,57.6102,-3.60707
IV40,57.2832,-5.66373
IV41,57.2748,-5.73222
IV42,57.235,-5.83783
IV43,57.1495,-5.84591
IV44,57.1028,-5.88091
IV45,57.0725,-5.9041
IV46,57.1119,-5.98399
IV47,57.2961,-6.34588
IV48,57.313,-6.11044
IV49,57.2289,-5.94303
IV51,57.4852,-6.25005
IV52,57.3363,-5.65216
IV53,57.344,-5.55488
IV54,57.4293,-5.61267
IV55,57.4568,-6.60993
IV56,57.3708,-6.44103
IV63,57.3171,-4.5115
IV99,57.4813,-4.22395
JE2,49.1995,-2.08378
JE3,49.2375,-2.22265
KA1,55.5972,-4.4968
KA2,55.5968,-4.56133
KA3,55.6428,-4.49684
KA4,55.5993,-4.38473
KA5,55.5092,-4.38463
KA6,55.4177,-4.50904
KA7,55.4505,-4.63048
KA8,55.4715,-4.61378
KA9,55.4982,-4.60603
KA10,55.5494,-4.65011
KA11,55.6177,-4.62949
KA12,55.6179,-4.66587
KA13,55.6553,-4.70012
KA14,55.7405,-4.67142
KA15,55.7483,-4.62715
KA16,55.6071,-4.334
KA17,55.6103,-4.29406
KA18,55.4508,-4.24188
KA19,55.3464,-4.66989
KA20,55.6408,-4.75318
KA21,55.6412,-4.78482
KA22,55.6488,-4.80758
KA23,55.6891,-4.85305
KA24,55.7096,-4.71614
KA25,55.7523,-4.68909
KA26,55.22,-4.83589
KA27,55.5408,-5.16958
KA28,55.7544,-4.92472
KA29,55.7568,-4.85431
KA30,55.7967,-4.86379
KT1,51.4071,-0.297594
KT2,51.4161,-0.291036
KT3,51.3997,-0.256806
KT4,51.3787,-0.243067
KT5,51.3928,-0.28788
KT6,51.3897,-0.300611
KT7,51.3902,-0.328701
KT8,51.4016,-0.366953
KT9,51.3647,-0.303151
KT10,51.3709,-0.357121
KT11,51.3282,-0.404658
KT12,51.3773,-0.40874
KT13,51.3692,-0.451432
KT14,51.3402,-0.486383
KT15,51.365,-0.494592
KT16,51.3842,-0.513993
KT17,51.3398,-0.253033
KT18,51.319,-0.263659
KT19,51.35,-0.269345
KT20,51.287,-0.231887
KT21,51.3109,-0.302936
KT22,51.3006,-0.337656
KT23,51.282,-0.370938
KT24,51.2692,-0.430083
KW1,58.4559,-3.11866
KW2,58.3483,-3.16449
KW3,58.3065,-3.28211
KW5,58.284,-3.3875
KW6,58.2503,-3.44399
KW7,58.1868,-3.50177
KW8,58.115,-3.66689
KW9,58.0136,-3.85902
KW10,57.9745,-3.97745
KW11,58.308,-4.13621
KW12,58.5065,-3.4926
KW13,58.457,-3.89702
KW14,58.5886,-3.55602
KW15,58.9808,-2.95987
KW16,58.9589,-3.2759
KW17,59.0309,-3.00798
KY1,56.1265,-3.14125
KY2,56.1226,-3.18305
KY3,56.063,-3.23224
KY4,56.114,-3.36176
KY5,56.1444,-3.2954
KY6,56.1966,-3.1966
KY7,56.2107,-3.15509
KY8,56.1971,-3.01246
KY9,56.2089,-2.83715
KY10,56.2303,-2.69986
KY11,56.0495,-3.41242
KY12,56.0759,-3.48846
KY13,56.208,-3.43154
KY14,56.311,-3.23239
KY15,56.3009,-3.05115
KY16,56.3413,-2.81905
KY99,56.0547,-3.43743
L1,53.4026,-2.98026
L2,53.4068,-2.99014
L3,53.409,-2.98557
L4,53.4378,-2.96205
L5,53.4248,-2.97766
L6,53.4186,-2.95326
L7,53.4055,-2.95042
L8,53.3902,-2.96402
L9,53.4613,-2.95234
L10,53.4738,-2.92808
L11,53.4474,-2.91469
L12,53.4346,-2.89674
L13,53.4151,-2.9216
L14,53.4191,-2.88169
L15,53.3973,-2.92259
L16,53.3982,-2.89202
L17,53.3786,-2.94213
L18,53.3805,-2.90938
L19,53.3582,-2.90309
L20,53.4522,-2.99014
L21,53.4707,-3.00055
L22,53.4767,-3.02749
L23,53.4893,-3.0244
L24,53.3445,-2.84293
L25,53.379,-2.86389
L26,53.3655,-2.83623
L27,53.3881,-2.83993
L28,53.4353,-2.86661
L29,53.5062,-2.98673
L30,53.4821,-2.97184
L31,53.5134,-2.93879
L32,53.4785,-2.88941
L33,53.4888,-2.87603
L34,53.4357,-2.81533
L35,53.4164,-2.78504
L36,53.4143,-2.84147
L37,53.557,-3.06385
L38,53.528,-3.05273
L39,53.5629,-2.8935
L40,53.599,-2.84658
L41,53.3943,-3.03082
L42,53.3745,-3.02267
L43,53.385,-3.0594
L44,53.4149,-3.03642
L45,53.4289,-3.05112
L46,53.4043,-3.11065
L47,53.3965,-3.1687
L48,53.3702,-3.16987
L49,53.3811,-3.10403
L60,53.3268,-3.09679
L61,53.3485,-3.10172
L62,53.335,-2.98243
L63,53.344,-3.01293
L64,53.2879,-3.0487
L65,53.2775,-2.90145
L66,53.2763,-2.93585
L67,53.4057,-2.96781
L68,53.4532,-2.96644
L69,53.4021,-2.97524
L70,53.4094,-2.97318
L71,53.4222,-2.97479
L72,53.4786,-2.98369
L73,53.3803,-2.97643
L74,53.3931,-2.98828
L75,53.4422,-2.98456
L80,53.4692,-2.96908
LA1,54.0469,-2.80023
LA2,54.0662,-2.67487
LA3,54.052,-2.87801
LA4,54.0703,-2.85458
LA5,54.1431,-2.78998
LA6,54.1747,-2.61718
LA7,54.2259,-2.77313
LA8,54.3237,-2.76086
LA9,54.3263,-2.74394
LA10,54.315,-2.49771
LA11,54.1996,-2.92408
LA12,54.2025,-3.08415
LA13,54.1182,-3.19916
LA14,54.1178,-3.23061
LA15,54.1558,-3.17967
LA16,54.1847,-3.2026
LA17,54.2399,-3.17562
LA18,54.2152,-3.27545
LA19,54.2893,-3.37165
LA20,54.293,-3.20665
LA21,54.3645,-3.07157
LA22,54.4209,-2.9845
LA23,54.3725,-2.91271
LD1,52.258,-3.36773
LD2,52.1427,-3.39498
LD3,51.9582,-3.3743
LD4,52.1176,-3.55774
LD5,52.1273,-3.61501
LD6,52.3086,-3.50958
LD7,52.3495,-3.08808
LD8,52.2668,-3.05076
LE1,52.6336,-1.13198
LE2,52.6112,-1.11795
LE3,52.627,-1.18157
LE4,52.6626,-1.12248
LE5,52.6371,-1.09234
LE6,52.7137,-1.36388
LE7,52.6856,-1.07069
LE8,52.5645,-1.10821
LE9,52.572,-1.27091
LE10,52.5375,-1.37035
LE11,52.7705,-1.22013
LE12,52.7683,-1.19176
LE13,52.7665,-0.883931
LE14,52.7833,-0.895972
LE15,52.6594,-0.706381
LE16,52.4851,-0.898731
LE17,52.4675,-1.18185
LE18,52.5835,-1.11169
LE19,52.5854,-1.2133
LE21,52.6312,-1.12886
LE41,52.6426,-1.14199
LE55,52.7314,-1.40737
LE65,52.7485,-1.46972
LE67,52.7161,-1.36271
LE87,52.6314,-1.13201
LE94,52.4837,-0.905523
LE95,52.6062,-1.19056
LE99,,
LL11,53.0592,-3.0275
LL12,53.0859,-2.99029
LL13,53.0364,-2.9636
LL14,52.9924,-3.05259
LL15,53.1051,-3.31545
LL16,53.1853,-3.43112
LL17,53.2554,-3.43872
LL18,53.3118,-3.47781
LL19,53.3314,-3.41061
LL20,52.961,-3.16215
LL21,52.9888,-3.40842
LL22,53.2715,-3.59141
LL23,52.9058,-3.60224
LL24,53.0604,-3.7866
LL25,53.0549,-3.87743
LL26,53.1392,-3.78733
LL27,53.1482,-3.82715
LL28,53.289,-3.75902
LL29,53.2907,-3.71256
LL30,53.3171,-3.81787
LL31,53.2912,-3.81089
LL32,53.2616,-3.83982
LL33,53.2499,-3.98368
LL34,53.2714,-3.91322
LL35,52.5473,-4.04068
LL36,52.6032,-4.0657
LL37,52.671,-4.07044
LL38,52.699,-4.03762
LL39,52.712,-4.00245
LL40,52.7553,-3.87666
LL41,52.97,-3.93885
LL42,52.7261,-4.0538
LL43,52.7746,-4.09233
LL44,52.7874,-4.0953
LL45,52.8202,-4.0971
LL46,52.8562,-4.10777
LL47,52.9021,-4.06292
LL48,52.9354,-4.0711
LL49,52.9288,-4.13846
LL51,52.973,-4.23748
LL52,52.9248,-4.23751
LL53,52.8844,-4.4881
LL54,53.0603,-4.28615
LL55,53.1338,-4.21098
LL56,53.1877,-4.20006
LL57,53.2098,-4.11612
LL58,53.2793,-4.10073
LL59,53.2346,-4.16113
LL60,53.2159,-4.26763
LL61,53.1969,-4.25944
LL62,53.2112,-4.38597
LL63,53.2195,-4.47052
LL64,53.2291,-4.51482
LL65,53.3011,-4.57505
LL66,53.3808,-4.40577
LL67,53.4112,-4.45641
LL68,53.3986,-4.37518
LL69,53.3862,-4.31954
LL70,53.364,-4.28784
LL71,53.3271,-4.36872
LL72,53.344,-4.24585
LL73,53.3352,-4.24491
LL74,53.3148,-4.23434
LL75,53.2834,-4.22098
LL76,53.3009,-4.23934
LL77,53.2595,-4.3126
LL78,53.3172,-4.26334
LN1,53.2555,-0.583609
LN2,53.259,-0.51143
LN3,53.2809,-0.338491
LN4,53.153,-0.390124
LN5,53.187,-0.553359
LN6,53.2029,-0.596316
LN7,53.489,-0.340995
LN8,53.3754,-0.328859
LN9,53.2161,-0.111775
LN10,53.1577,-0.216024
LN11,53.3725,0.0225834
LN12,53.3296,0.262861
LN13,53.2648,0.182575
LS1,53.7974,-1.55286
LS2,53.8015,-1.54753
LS3,53.8016,-1.56321
LS4,53.8084,-1.5827
LS5,53.8181,-1.60241
LS6,53.8185,-1.5664
LS7,53.8177,-1.54053
LS8,53.8217,-1.5123
LS9,53.7989,-1.51191
LS10,53.7653,-1.53174
LS11,53.778,-1.55682
LS12,53.7914,-1.59528
LS13,53.8111,-1.63487
LS14,53.827,-1.4582
LS15,53.8067,-1.44639
LS16,53.8505,-1.60417
LS17,53.8583,-1.52906
LS18,53.841,-1.64458
LS19,53.8608,-1.68579
LS20,53.8733,-1.71373
LS21,53.9102,-1.68271
LS22,53.9316,-1.39282
LS23,53.9066,-1.35301
LS24,53.8717,-1.25524
LS25,53.7861,-1.32615
LS26,53.7562,-1.44408
LS27,53.7491,-1.60494
LS28,53.8016,-1.66919
LS29,53.9198,-1.80464
LS88,53.7518,-1.53522
LS98,53.7735,-1.53214
LS99,53.7664,-1.50424
LU1,51.8763,-0.424624
LU2,51.8908,-0.397897
LU3,51.907,-0.443525
LU4,51.8985,-0.465305
LU5,51.9073,-0.514653
LU6,51.8808,-0.532755
LU7,51.9109,-0.662092
LU95,51.9137,-0.66278
M1,53.4778,-2.23684
M2,53.4803,-2.24469
M3,53.4835,-2.25211
M4,53.4849,-2.2308
M5,53.4797,-2.28607
M6,53.4915,-2.29596
M7,53.5043,-2.26161
M8,53.509,-2.24088
M9,53.5217,-2.21439
M10,53.5028,-2.1939
M11,53.4784,-2.18335
M12,53.4656,-2.20549
M13,53.4621,-2.21706
M14,53.447,-2.22506
M15,53.4659,-2.2524
M16,53.4559,-2.26508
M17,53.4692,-2.31597
M18,53.4616,-2.17283
M19,53.4377,-2.1955
M20,53.4251,-2.23165
M21,53.4388,-2.27339
M22,53.3849,-2.26126
M23,53.3971,-2.28658
M24,53.5521,-2.19873
M25,53.5333,-2.27995
M26,53.5621,-2.33405
M27,53.5122,-2.33813
M28,53.5165,-2.39853
M29,53.5151,-2.47047
M30,53.4757,-2.36807
M31,53.4433,-2.3803
M32,53.4501,-2.3085
M33,53.4226,-2.32495
M34,53.4548,-2.11612
M35,53.4977,-2.15257
M38,53.5298,-2.42024
M40,53.5028,-2.1936
M41,53.4512,-2.36292
M43,53.4832,-2.14931
M44,53.4407,-2.42712
M45,53.545,-2.28986
M46,53.5255,-2.49219
M50,53.4767,-2.28985
M52,53.4504,-2.21543
M60,53.4847,-2.23313
M61,53.4861,-2.22998
M90,53.3638,-2.27548
M99,53.4858,-2.22905
ME1,51.3758,0.50017
ME2,51.3914,0.484727
ME3,51.4313,0.546511
ME4,51.381,0.527898
ME5,51.3521,0.531576
ME6,51.3241,0.438721
ME7,51.3804,0.554856
ME8,51.3619,0.594873
ME9,51.3358,0.723712
ME10,51.3427,0.73538
ME11,51.4137,0.74834
ME12,51.4246,0.798824
ME13,51.305,0.894557
ME14,51.2768,0.537785
ME15,51.255,0.532579
ME16,51.2733,0.49924
ME17,51.2367,0.604255
ME18,51.2448,0.422758
ME19,51.2939,0.411227
ME20,51.306,0.458847
ME99,51.2858,0.518079
MK1,52.0072,-0.727828
MK2,51.9919,-0.725552
MK3,51.996,-0.750453
MK4,52.005,-0.776474
MK5,52.0195,-0.776893
MK6,52.0292,-0.73929
MK7,52.0206,-0.692573
MK8,52.0362,-0.807971
MK9,52.0392,-0.750899
MK10,52.0373,-0.696058
MK11,52.0501,-0.835718
MK12,52.057,-0.817936
MK13,52.0522,-0.789589
MK14,52.0596,-0.768802
MK15,52.0558,-0.72639
MK16,52.0883,-0.721439
MK17,51.9974,-0.699584
MK18,51.9805,-0.970898
MK19,52.0703,-0.852003
MK40,52.1373,-0.474272
MK41,52.1505,-0.450507
MK42,52.1199,-0.474262
MK43,52.1172,-0.551095
MK44,52.1887,-0.430451
MK45,52.0294,-0.472754
MK46,52.1526,-0.696128
MK77,52.0411,-0.816062
MK98,52.0555,-0.76028
ML1,55.7975,-3.97722
ML2,55.7767,-3.91513
ML3,55.7712,-4.05283
ML4,55.8187,-4.02143
ML5,55.8596,-4.03064
ML6,55.8677,-3.96308
ML7,55.8299,-3.79601
ML8,55.7279,-3.83794
ML9,55.7256,-3.9684
ML10,55.6844,-4.0625
ML11,55.6662,-3.78868
ML12,55.5724,-3.58953
N1,51.5376,-0.0982867
N1C,51.5362,-0.125731
N1P,51.539,-0.103398
N2,51.5903,-0.16866
N3,51.6004,-0.194105
N4,51.5711,-0.103871
N5,51.5538,-0.0985841
N6,51.5715,-0.140823
N7,51.5537,-0.117975
N8,51.5823,-0.120154
N9,51.6278,-0.058768
N10,51.5939,-0.144316
N11,51.6142,-0.138405
N12,51.6153,-0.178423
N13,51.621,-0.103684
N14,51.6333,-0.129955
N15,51.5811,-0.0851854
N16,51.5643,-0.0768002
N17,51.5975,-0.0710782
N18,51.6137,-0.0648072
N19,51.5654,-0.128386
N20,51.6296,-0.174786
N21,51.6356,-0.0996269
N22,51.6,-0.114032
N81,51.5798,-0.0971106
NE1,54.9725,-1.61305
NE2,54.9862,-1.60648
NE3,55.0099,-1.63359
NE4,54.9728,-1.64382
NE5,54.9954,-1.68841
NE6,54.9772,-1.56732
NE7,54.9973,-1.57968
NE8,54.9563,-1.60505
NE9,54.9316,-1.58758
NE10,54.9484,-1.55694
NE11,54.9401,-1.63176
NE12,55.0255,-1.56992
NE13,55.0423,-1.64652
NE15,54.9831,-1.71883
NE16,54.935,-1.69337
NE17,54.9156,-1.81873
NE18,55.0384,-1.86061
NE19,55.1797,-2.0957
NE20,55.0521,-1.77909
NE21,54.9588,-1.71975
NE22,55.1373,-1.58371
NE23,55.0837,-1.58439
NE24,55.1228,-1.52153
NE25,55.0491,-1.48837
NE26,55.0478,-1.46089
NE27,55.0311,-1.51172
NE28,55.0006,-1.51886
NE29,55.0117,-1.46929
NE30,55.0198,-1.44288
NE31,54.9717,-1.51261
NE32,54.9696,-1.48438
NE33,54.992,-1.43123
NE34,54.9728,-1.42321
NE35,54.9529,-1.46281
NE36,54.9471,-1.443
NE37,54.9114,-1.5284
NE38,54.895,-1.52581
NE39,54.9257,-1.75802
NE40,54.966,-1.77001
NE41,54.9756,-1.82163
NE42,54.9624,-1.85438
NE43,54.9492,-1.90237
NE44,54.9439,-1.98046
NE45,54.9765,-2.01856
NE46,54.9779,-2.1046
NE47,54.9302,-2.24734
NE48,55.1321,-2.26748
NE49,54.9664,-2.46084
NE61,55.1779,-1.68715
NE62,55.1613,-1.59284
NE63,55.1774,-1.5621
NE64,55.184,-1.51665
NE65,55.3107,-1.74335
NE66,55.4267,-1.72745
NE67,55.5345,-1.69325
NE68,55.5722,-1.66063
NE69,55.605,-1.71882
NE70,55.5922,-1.81607
NE71,55.5528,-2.04087
NE82,54.9394,-1.615
NE83,54.9343,-1.61563
NE85,54.9287,-1.59962
NE88,54.9473,-1.61193
NE89,54.9007,-1.53613
NE92,54.9418,-1.61497
NE98,54.9753,-1.5984
NE99,54.9679,-1.61483
NG1,52.9546,-1.14772
NG2,52.9369,-1.13669
NG3,52.9678,-1.13028
NG4,52.9709,-1.08695
NG5,52.9969,-1.14354
NG6,52.9972,-1.19165
NG7,52.9584,-1.1784
NG8,52.9637,-1.21463
NG9,52.9263,-1.23321
NG10,52.8999,-1.28222
NG11,52.9,-1.17427
NG12,52.9104,-1.05886
NG13,52.9477,-0.930177
NG14,53.0136,-1.04136
NG15,53.0454,-1.20265
NG16,53.0266,-1.2982
NG17,53.1159,-1.26122
NG18,53.1408,-1.18598
NG19,53.16,-1.19783
NG20,53.2083,-1.18508
NG21,53.1413,-1.10807
NG22,53.1769,-0.970379
NG23,53.114,-0.801373
NG24,53.0711,-0.802021
NG25,53.074,-0.950872
NG31,52.9134,-0.641467
NG32,52.9469,-0.651497
NG33,52.8209,-0.584088
NG34,52.9877,-0.395287
NG70,53.1541,-1.18736
NG80,52.936,-1.19194
NG90,52.9266,-1.19278
NN1,52.2414,-0.891013
NN2,52.2598,-0.887886
NN3,52.2624,-0.843995
NN4,52.2213,-0.897701
NN5,52.2456,-0.931275
NN6,52.3205,-0.94707
NN7,52.2146,-0.92075
NN8,52.2976,-0.692716
NN9,52.3119,-0.61725
NN10,52.2929,-0.59911
NN11,52.2438,-1.17433
NN12,52.1279,-0.996335
NN13,52.0324,-1.14748
NN14,52.4112,-0.707157
NN15,52.384,-0.706255
NN16,52.4035,-0.708607
NN17,52.4999,-0.684318
NN18,52.4792,-0.710679
NN29,52.2627,-0.665383
NN99,52.2364,-0.901825
NPT,51.5894,-2.98984
NP1,51.6169,-3.11649
NP2,51.7121,-3.22531
NP3,51.7652,-3.17591
NP4,51.6931,-3.03959
NP5,51.7703,-2.79309
NP6,51.6208,-2.78176
NP7,51.8284,-3.01216
NP8,51.8577,-3.14114
NP9,51.5892,-2.98904
NP10,51.5801,-3.043
NP11,51.6443,-3.13169
NP12,51.6688,-3.19785
NP13,51.7352,-3.14113
NP15,51.7233,-2.88915
NP16,51.6489,-2.68718
NP18,51.605,-2.94319
NP19,51.587,-2.96264
NP20,51.5902,-3.00472
NP22,51.7712,-3.25767
NP23,51.7845,-3.19778
NP24,51.7214,-3.23862
NP25,51.8041,-2.72289
NP26,51.5905,-2.776
NP44,51.6513,-3.02764
NR1,52.629,1.30872
NR2,52.6308,1.28519
NR3,52.6434,1.29499
NR4,52.6143,1.26172
NR5,52.6413,1.23652
NR6,52.6609,1.28338
NR7,52.645,1.33299
NR8,52.6765,1.20772
NR9,52.6319,1.10971
NR10,52.7362,1.24419
NR11,52.8402,1.27474
NR12,52.7581,1.46681
NR13,52.6342,1.4692
NR14,52.5659,1.37531
NR15,52.5059,1.26699
NR16,52.4785,1.05576
NR17,52.5154,0.99619
NR18,52.571,1.1083
NR19,52.676,0.931363
NR20,52.7218,0.978253
NR21,52.84,0.850303
NR22,52.8928,0.863592
NR23,52.9492,0.857927
NR24,52.8577,1.04505
NR25,52.9204,1.08261
NR26,52.9375,1.21143
NR27,52.925,1.29982
NR28,52.8222,1.39685
NR29,52.6893,1.64186
NR30,52.6178,1.7271
NR31,52.577,1.70963
NR32,52.4879,1.73334
NR33,52.4557,1.71836
NR34,52.4395,1.58271
NR35,52.4615,1.433
NR99,52.6266,1.30916
NW1,51.5323,-0.142797
NW1W,51.5308,-0.135427
NW2,51.5593,-0.2185
NW3,51.5526,-0.173183
NW4,51.5874,-0.223801
NW5,51.5516,-0.144523
NW6,51.5403,-0.195643
NW7,51.6151,-0.23691
NW8,51.5317,-0.17436
NW9,51.5865,-0.25415
NW10,51.5392,-0.248845
NW11,51.5787,-0.198401
NW26,51.5325,-0.196327
OL1,53.5471,-2.10637
OL2,53.5713,-2.10942
OL3,53.5526,-2.01124
OL4,53.5423,-2.07588
OL5,53.5167,-2.04082
OL6,53.4926,-2.08844
OL7,53.4894,-2.10618
OL8,53.5271,-2.11721
OL9,53.539,-2.14164
OL10,53.5904,-2.22271
OL11,53.6063,-2.17406
OL12,53.6344,-2.16538
OL13,53.7008,-2.20424
OL14,53.7143,-2.10079
OL15,53.6436,-2.10265
OL16,53.6133,-2.1383
OL95,53.5563,-2.1054
OX1,51.7467,-1.262
OX2,51.7631,-1.27736
OX3,51.7602,-1.21563
OX4,51.7288,-1.21427
OX5,51.8608,-1.29354
OX6,51.909,-1.16887
OX7,51.8983,-1.49405
OX8,51.7823,-1.49883
OX9,51.7027,-1.04094
OX10,51.6059,-1.1295
OX11,51.5999,-1.25008
OX12,51.595,-1.42562
OX13,51.6775,-1.34806
OX14,51.6677,-1.27843
OX15,52.0331,-1.40281
OX16,52.0636,-1.33884
OX17,52.0723,-1.29237
OX18,51.7624,-1.59289
OX20,51.855,-1.35734
OX25,51.9003,-1.20808
OX26,51.9014,-1.15082
OX27,51.9342,-1.14918
OX28,51.7845,-1.48562
OX29,51.7933,-1.43694
OX33,51.7568,-1.14375
OX39,51.7037,-0.917405
OX44,51.7015,-1.13606
OX49,51.6492,-1.00183
PA1,55.8449,-4.41987
PA2,55.8296,-4.43511
PA3,55.8514,-4.44414
PA4,55.8753,-4.39589
PA5,55.8314,-4.50992
PA6,55.8629,-4.53436
PA7,55.9078,-4.50056
PA8,55.9014,-4.45366
PA9,55.8112,-4.55027
PA10,55.8329,-4.54949
PA11,55.8572,-4.58404
PA12,55.797,-4.61908
PA13,55.8904,-4.62665
PA14,55.9284,-4.66698
PA15,55.9429,-4.74712
PA16,55.9427,-4.79794
PA17,55.869,-4.87465
PA18,55.8914,-4.88009
PA19,55.9524,-4.82124
PA20,55.8343,-5.05701
PA21,55.9029,-5.25067
PA22,55.9703,-5.12235
PA23,55.954,-4.93319
PA24,56.1547,-4.90409
PA25,56.214,-5.04377
PA26,56.2588,-4.93707
PA27,56.1481,-5.07539
PA28,55.4339,-5.60568
PA29,55.8058,-5.47487
PA30,56.0135,-5.44953
PA31,56.0517,-5.45706
PA32,56.1971,-5.12761
PA33,56.3745,-5.0444
PA34,56.4013,-5.49847
PA35,56.4069,-5.22704
PA36,56.52,-4.773
PA37,56.4636,-5.39501
PA38,56.5954,-5.33317
PA39,56.6733,-5.10653
PA40,56.7139,-4.96469
PA41,55.6745,-5.74259
PA42,55.639,-6.18728
PA43,55.7558,-6.28463
PA44,55.7978,-6.28836
PA45,55.8196,-6.16685
PA46,55.8611,-6.11907
PA47,55.682,-6.50407
PA48,55.7387,-6.38451
PA49,55.7799,-6.38999
PA60,55.8786,-5.91817
PA61,56.0716,-6.20301
PA62,56.3593,-5.85149
PA63,56.3818,-5.71584
PA64,56.45,-5.69159
PA65,56.4691,-5.7253
PA66,56.3274,-6.33966
PA67,56.3137,-6.23181
PA68,56.4346,-6.14265
PA69,56.3794,-6.07782
PA70,56.3658,-6.0364
PA71,56.4782,-5.9808
PA72,56.5178,-5.97164
PA73,56.4966,-6.18362
PA74,56.533,-6.22975
PA75,56.6143,-6.10924
PA76,56.3335,-6.39495
PA77,56.4951,-6.87849
PA78,56.6273,-6.54387
PA80,56.8054,-6.79482
PA81,57.2314,-7.34773
PA82,57.597,-7.30592
PA83,57.7652,-7.00997
PA84,57.8698,-6.69096
PA85,57.8782,-6.85546
PA86,58.2476,-6.46737
PA87,58.2098,-6.37269
PA88,57.4503,-7.34403
PA98,55.8606,-4.42976
PE1,52.5907,-0.247843
PE2,52.5669,-0.273872
PE3,52.5863,-0.27737
PE4,52.6121,-0.265797
PE5,52.5779,-0.345758
PE6,52.6541,-0.258106
PE7,52.5403,-0.204659
PE8,52.5264,-0.441868
PE9,52.6538,-0.478648
PE10,52.7739,-0.377687
PE11,52.8059,-0.163901
PE12,52.7859,0.0184949
PE13,52.6689,0.139786
PE14,52.6389,0.202318
PE15,52.539,0.0859577
PE16,52.4548,0.0494031
PE17,52.381,-0.117076
PE18,52.3231,-0.212606
PE19,52.2367,-0.263589
PE20,52.9329,-0.101911
PE21,52.9748,-0.0236047
PE22,53.0473,0.0420463
PE23,53.1727,0.0909638
PE24,53.1645,0.268152
PE25,53.1522,0.334652
PE26,52.4531,-0.114973
PE27,52.3309,-0.0755908
PE28,52.358,-0.189704
PE29,52.3346,-0.181029
PE30,52.7588,0.413487
PE31,52.8754,0.564767
PE32,52.7292,0.621735
PE33,52.6517,0.461844
PE34,52.7269,0.342665
PE35,52.8273,0.509861
PE36,52.9381,0.505854
PE37,52.6438,0.692639
PE38,52.5917,0.376006
PE99,52.614,-0.287219
PH1,56.4182,-3.47229
PH2,56.3862,-3.40848
PH3,56.3013,-3.70572
PH4,56.263,-3.77909
PH5,56.3293,-3.82978
PH6,56.3718,-3.98862
PH7,56.3734,-3.82952
PH8,56.5626,-3.59736
PH9,56.6536,-3.69617
PH10,56.6056,-3.35741
PH11,56.6402,-3.23669
PH12,56.5757,-3.15678
PH13,56.5388,-3.27714
PH14,56.4507,-3.18776
PH15,56.6109,-3.9332
PH16,56.7061,-3.79908
PH17,56.6859,-4.36913
PH18,56.7753,-3.89311
PH19,56.9341,-4.25456
PH20,57.056,-4.14869
PH21,57.0892,-4.02212
PH22,57.1989,-3.8115
PH23,57.2879,-3.79734
PH24,57.2585,-3.74116
PH25,57.2653,-3.64568
PH26,57.3298,-3.60611
PH30,56.789,-4.59983
PH31,56.8921,-4.82393
PH32,57.1444,-4.68386
PH33,56.8156,-5.08635
PH34,56.9166,-4.92925
PH35,57.0751,-4.88882
PH36,56.7202,-5.84901
PH37,56.8321,-5.51249
PH38,56.8522,-5.74011
PH39,56.9121,-5.84182
PH40,56.9633,-5.80165
PH41,57.0038,-5.8325
PH42,56.8681,-6.19163
PH43,57.0154,-6.28149
PH44,57.0568,-6.50327
PH49,56.6782,-5.11354
PH50,56.7145,-4.96502
PL1,50.3702,-4.14882
PL2,50.387,-4.15721
PL3,50.386,-4.12569
PL4,50.3747,-4.12748
PL5,50.4108,-4.16716
PL6,50.4183,-4.11897
PL7,50.3909,-4.04593
PL8,50.3377,-4.01847
PL9,50.3556,-4.08973
PL10,50.3477,-4.21244
PL11,50.3732,-4.25303
PL12,50.4183,-4.24695
PL13,50.3587,-4.47291
PL14,50.4626,-4.46619
PL15,50.6322,-4.39426
PL16,50.6451,-4.2748
PL17,50.515,-4.3063
PL18,50.5156,-4.22367
PL19,50.5548,-4.15322
PL20,50.5038,-4.10047
PL21,50.3854,-3.91938
PL22,50.4038,-4.65334
PL23,50.337,-4.6361
PL24,50.3546,-4.71302
PL25,50.3411,-4.77709
PL26,50.3454,-4.82461
PL27,50.5229,-4.86933
PL28,50.5325,-4.96715
PL29,50.5827,-4.82696
PL30,50.499,-4.72703
PL31,50.4691,-4.72192
PL32,50.6325,-4.66299
PL33,50.6223,-4.73152
PL34,50.6601,-4.74349
PL35,50.6845,-4.68483
PL95,50.3666,-4.10448
PO1,50.7993,-1.08995
PO2,50.816,-1.07881
PO3,50.8151,-1.06156
PO4,50.7909,-1.06434
PO5,50.7897,-1.0866
PO6,50.8462,-1.06968
PO7,50.8844,-1.04195
PO8,50.9108,-1.01463
PO9,50.8621,-0.982989
PO10,50.8515,-0.930601
PO11,50.7915,-0.977273
PO12,50.7987,-1.14278
PO13,50.8116,-1.17865
PO14,50.8396,-1.21274
PO15,50.8628,-1.22076
PO16,50.8505,-1.16216
PO17,50.8878,-1.17374
PO18,50.8624,-0.813807
PO19,50.8368,-0.77742
PO20,50.7949,-0.772128
PO21,50.7848,-0.693674
PO22,50.7989,-0.649646
PO30,50.6934,-1.31031
PO31,50.7524,-1.30613
PO32,50.7497,-1.28156
PO33,50.7213,-1.16871
PO34,50.7161,-1.11403
PO35,50.6878,-1.08867
PO36,50.658,-1.16261
PO37,50.6328,-1.17808
PO38,50.6035,-1.23843
PO39,50.6806,-1.53938
PO40,50.6826,-1.52227
PO41,50.6998,-1.47809
PR0,53.7588,-2.68391
PR1,53.7579,-2.70189
PR2,53.7756,-2.70554
PR3,53.8681,-2.7181
PR4,53.7525,-2.83165
PR5,53.7131,-2.68143
PR6,53.6647,-2.61438
PR7,53.6486,-2.65273
PR8,53.6277,-3.00572
PR9,53.657,-2.97206
PR11,53.7787,-2.68495
PR25,53.6953,-2.69546
PR26,53.6888,-2.73793
RG1,51.452,-0.97091
RG2,51.4259,-0.957188
RG3,51.4533,-1.02712
RG4,51.4779,-0.96535
RG5,51.4529,-0.907779
RG6,51.4423,-0.933199
RG7,51.3971,-1.08153
RG8,51.5053,-1.1068
RG9,51.5427,-0.920442
RG10,51.48,-0.867413
RG11,51.3986,-0.839517
RG12,51.4119,-0.752748
RG13,51.4054,-1.28932
RG14,51.3982,-1.32141
RG15,51.3576,-1.34484
RG16,51.4711,-1.36218
RG17,51.4379,-1.49823
RG18,51.4311,-1.2474
RG19,51.3962,-1.22824
RG20,51.4029,-1.335
RG21,51.2668,-1.09049
RG22,51.2522,-1.12285
RG23,51.2604,-1.14662
RG24,51.2797,-1.0786
RG25,51.2358,-1.08495
RG26,51.3483,-1.12873
RG27,51.3045,-0.948425
RG28,51.2349,-1.32923
RG29,51.2489,-0.947267
RG30,51.4531,-1.00958
RG31,51.4566,-1.03994
RG40,51.4025,-0.835763
RG41,51.4158,-0.857521
RG42,51.425,-0.759658
RG45,51.3786,-0.803054
RH1,51.2379,-0.159107
RH2,51.2366,-0.203273
RH3,51.2328,-0.284658
RH4,51.2306,-0.333956
RH5,51.196,-0.342346
RH6,51.1713,-0.165061
RH7,51.1744,-0.0182486
RH8,51.2527,-0.000126319
RH9,51.237,-0.0768232
RH10,51.1193,-0.164443
RH11,51.1125,-0.204886
RH12,51.0746,-0.329689
RH13,51.0384,-0.333051
RH14,51.0314,-0.479973
RH15,50.9568,-0.13574
RH16,51.003,-0.0998601
RH17,51.0202,-0.118501
RH18,51.1008,0.0250717
RH19,51.1258,-0.0135467
RH20,50.9374,-0.4718
RH77,51.1388,-0.169779
RM1,51.5802,0.18206
RM2,51.5825,0.199308
RM3,51.6021,0.22427
RM4,51.6332,0.161634
RM5,51.5981,0.165324
RM6,51.575,0.133669
RM7,51.5734,0.169588
RM8,51.5572,0.130816
RM9,51.5437,0.136421
RM10,51.5456,0.156581
RM11,51.5696,0.218022
RM12,51.5546,0.208647
RM13,51.5236,0.192204
RM14,51.5563,0.260538
RM15,51.5089,0.27685
RM16,51.4888,0.320203
RM17,51.4796,0.326088
RM18,51.4676,0.370454
RM19,51.4825,0.252309
RM20,51.4786,0.286916
RM50,51.5703,0.170637
S1,53.3806,-1.46942
S2,53.3714,-1.45063
S3,53.3868,-1.47298
S4,53.3977,-1.45151
S5,53.4223,-1.46223
S6,53.4024,-1.50943
S7,53.3547,-1.48988
S8,53.3427,-1.47939
S9,53.3968,-1.42102
S10,53.3771,-1.51691
S11,53.3606,-1.50818
S12,53.3497,-1.40903
S13,53.3648,-1.38451
S14,53.3471,-1.4449
S17,53.3225,-1.52609
S18,53.2995,-1.47322
S19,53.3345,-1.3516
S20,53.3343,-1.34972
S21,53.3131,-1.33983
S25,53.3676,-1.21984
S26,53.3554,-1.28752
S30,53.4457,-1.57621
S31,53.3426,-1.28395
S32,53.295,-1.64443
S33,53.3432,-1.73335
S35,53.458,-1.49524
S36,53.5052,-1.61586
S40,53.2346,-1.44361
S41,53.2466,-1.42896
S42,53.2018,-1.42327
S43,53.2683,-1.34023
S44,53.2256,-1.31285
S45,53.1675,-1.42148
S49,53.2352,-1.43481
S60,53.4168,-1.35235
S61,53.443,-1.39285
S62,53.4663,-1.34522
S63,53.5171,-1.32998
S64,53.4913,-1.29985
S65,53.4361,-1.32191
S66,53.4213,-1.25161
S69,,
S70,53.5438,-1.47655
S71,53.5731,-1.4573
S72,53.5775,-1.39426
S73,53.5243,-1.3955
S74,53.5018,-1.44051
S75,53.5618,-1.51907
S80,53.2951,-1.14647
S81,53.3366,-1.12386
S95,53.4146,-1.41052
S96,53.403,-1.42703
S97,53.4977,-1.34314
S98,53.4041,-1.43117
S99,53.4042,-1.43103
SA1,51.629,-3.93878
SA2,51.6215,-3.99105
SA3,51.5816,-4.04281
SA4,51.6762,-4.04289
SA5,51.6487,-3.96902
SA6,51.6748,-3.92145
SA7,51.6631,-3.89417
SA8,51.7217,-3.84728
SA9,51.7808,-3.77065
SA10,51.6861,-3.80124
SA11,51.6739,-3.76595
SA12,51.6074,-3.7949
SA13,51.6044,-3.73695
SA14,51.7316,-4.10945
SA15,51.697,-4.16736
SA16,51.689,-4.25427
SA17,51.7553,-4.28622
SA18,51.7975,-3.96287
SA19,51.949,-3.95112
SA20,52.0091,-3.78813
SA31,51.8562,-4.30906
SA32,51.8873,-4.17198
SA33,51.8498,-4.4332
SA34,51.8509,-4.61841
SA35,51.9735,-4.56059
SA36,51.9578,-4.60871
SA37,52.018,-4.59477
SA38,52.0415,-4.47008
SA39,52.0205,-4.24867
SA40,52.0852,-4.16955
SA41,51.9984,-4.70449
SA42,52.0156,-4.8533
SA43,52.0867,-4.63211
SA44,52.0835,-4.36957
SA45,52.2056,-4.35811
SA46,52.2297,-4.24504
SA47,52.1907,-4.29664
SA48,52.1426,-4.11115
SA61,51.7993,-4.9743
SA62,51.839,-5.05953
SA63,51.8704,-4.86205
SA64,52.0019,-5.01096
SA65,51.9887,-4.97035
SA66,51.8774,-4.74477
SA67,51.7849,-4.73419
SA68,51.731,-4.76489
SA69,51.7096,-4.70675
SA70,51.6721,-4.73458
SA71,51.6695,-4.93328
SA72,51.692,-4.93714
SA73,51.7174,-5.01583
SA80,51.6479,-3.92426
SA99,51.67,-3.94545
SE1,51.4982,-0.090279
SE1P,51.4928,-0.0801512
SE2,51.491,0.114517
SE3,51.4686,0.0176374
SE4,51.4617,-0.0354109
SE5,51.4741,-0.0928482
SE6,51.4386,-0.0175459
SE7,51.4852,0.0318644
SE8,51.4816,-0.028917
SE9,51.4461,0.0546392
SE10,51.4839,0.000600568
SE11,51.4895,-0.109125
SE12,51.446,0.0258195
SE13,51.4593,-0.0104792
SE14,51.4755,-0.0431091
SE15,51.4727,-0.0670427
SE16,51.4966,-0.0547792
SE17,51.4885,-0.0946315
SE18,51.4854,0.0710917
SE19,51.4182,-0.0852422
SE20,51.413,-0.0581111
SE21,51.4383,-0.0884856
SE22,51.4546,-0.0725609
SE23,51.4402,-0.0500575
SE24,51.4569,-0.10028
SE25,51.3981,-0.077476
SE26,51.4277,-0.0543551
SE27,51.4304,-0.101645
SE28,51.5012,0.104368
SE99,51.4782,-0.081697
SG1,51.9091,-0.197566
SG2,51.8965,-0.169486
SG3,51.8614,-0.182452
SG4,51.9253,-0.261316
SG5,51.9653,-0.279267
SG6,51.9794,-0.220994
SG7,52.0015,-0.178772
SG8,52.0648,-0.0148168
SG9,51.9396,-0.0104322
SG10,51.843,0.0660279
SG11,51.8767,0.0255829
SG12,51.8129,-0.0183171
SG13,51.7899,-0.0720984
SG14,51.8058,-0.0907348
SG15,52.0114,-0.262193
SG16,52.0136,-0.299138
SG17,52.0352,-0.335462
SG18,52.0824,-0.264076
SG19,52.1385,-0.246833
SK1,53.4082,-2.15372
SK2,53.3962,-2.13761
SK3,53.3998,-2.17087
SK4,53.4175,-2.17892
SK5,53.4325,-2.15392
SK6,53.4058,-2.0818
SK7,53.3696,-2.14423
SK8,53.3812,-2.20881
SK9,53.3266,-2.23119
SK10,53.2737,-2.1296
SK11,53.2476,-2.14209
SK12,53.3501,-2.018
SK13,53.4476,-1.96359
SK14,53.453,-2.04663
SK15,53.4865,-2.05027
SK16,53.4728,-2.08243
SK17,53.2469,-1.88391
SK22,53.3739,-1.99317
SK23,53.3281,-1.9461
SL0,51.5227,-0.516476
SL1,51.516,-0.614404
SL2,51.5326,-0.602731
SL3,51.5005,-0.557591
SL4,51.4767,-0.623994
SL5,51.4049,-0.66214
SL6,51.5229,-0.72653
SL7,51.5744,-0.77779
SL8,51.5779,-0.708958
SL9,51.5955,-0.555617
SL60,51.5186,-0.714789
SL95,51.4991,-0.538793
SM1,51.3649,-0.193056
SM2,51.3532,-0.197796
SM3,51.37,-0.214246
SM4,51.393,-0.200196
SM5,51.3668,-0.165834
SM6,51.3609,-0.14629
SM7,51.3228,-0.202079
SN1,51.5566,-1.77541
SN2,51.5803,-1.77912
SN3,51.5603,-1.74333
SN4,51.5318,-1.84491
SN5,51.5677,-1.83914
SN6,51.6147,-1.74466
SN7,51.6504,-1.56711
SN8,51.4094,-1.69363
SN9,51.3291,-1.78253
SN10,51.3393,-1.98817
SN11,51.4398,-2.00001
SN12,51.3729,-2.13773
SN13,51.4264,-2.20745
SN14,51.466,-2.19892
SN15,51.4708,-2.09046
SN16,51.5896,-2.08196
SN17,51.5462,-1.84258
SN25,51.5943,-1.80295
SN26,51.6111,-1.78551
SN38,51.5599,-1.78933
SN42,,
SN86,,
SN99,51.5547,-1.74333
SO1,50.9232,-1.42823
SO2,50.9166,-1.36891
SO3,50.9025,-1.28165
SO4,50.8408,-1.49221
SO5,50.9808,-1.39827
SO9,50.9129,-1.407
SO14,50.9078,-1.39655
SO15,50.9166,-1.42581
SO16,50.9344,-1.43277
SO17,50.926,-1.39749
SO18,50.9239,-1.36609
SO19,50.9028,-1.35722
SO20,51.1149,-1.50237
SO21,51.0737,-1.31448
SO22,51.066,-1.33196
SO23,51.0672,-1.30594
SO24,51.0853,-1.15027
SO25,51.0676,-1.29735
SO30,50.9212,-1.30765
SO31,50.87,-1.29435
SO32,50.9469,-1.21293
SO40,50.9167,-1.50427
SO41,50.756,-1.56141
SO42,50.8059,-1.53804
SO43,50.8891,-1.58222
SO45,50.8495,-1.39507
SO50,50.9709,-1.34545
SO51,50.9939,-1.5008
SO52,50.9776,-1.43624
SO53,50.9842,-1.38116
SO97,50.9485,-1.36196
SP1,51.0737,-1.79113
SP2,51.0723,-1.81924
SP3,51.0997,-2.00463
SP4,51.1619,-1.76656
SP5,51.0243,-1.77343
SP6,50.9355,-1.80127
SP7,51.0053,-2.18585
SP8,51.0368,-2.28859
SP9,51.2329,-1.66364
SP10,51.2107,-1.4833
SP11,51.2258,-1.51325
SR1,54.9068,-1.38161
SR2,54.8888,-1.37872
SR3,54.878,-1.41643
SR4,54.9015,-1.42481
SR5,54.9217,-1.42207
SR6,54.9339,-1.38078
SR7,54.8309,-1.36065
SR8,54.7666,-1.33658
SR9,54.9118,-1.40853
SR43,54.9102,-1.42554
SR88,54.7567,-1.33492
SS0,51.5458,0.691397
SS1,51.5393,0.724623
SS2,51.55,0.715661
SS3,51.5421,0.789571
SS4,51.5919,0.712857
SS5,51.6068,0.6496
SS6,51.5876,0.60653
SS7,51.563,0.577665
SS8,51.5222,0.589629
SS9,51.5536,0.652154
SS11,51.6162,0.53542
SS12,51.6058,0.520788
SS13,51.5749,0.50756
SS14,51.5749,0.470432
SS15,51.5769,0.429212
SS16,51.5631,0.451864
SS17,51.5218,0.439405
SS22,51.5555,0.709384
SS99,51.5481,0.710759
ST1,53.0252,-2.17459
ST2,53.0271,-2.13719
ST3,52.9811,-2.12294
ST4,52.9977,-2.18362
ST5,53.015,-2.23928
ST6,53.0564,-2.19193
ST7,53.0881,-2.267
ST8,53.1154,-2.16866
ST9,53.0497,-2.10391
ST10,52.9886,-1.96619
ST11,52.9672,-2.06826
ST12,52.954,-2.17234
ST13,53.1015,-2.01986
ST14,52.9038,-1.8689
ST15,52.8985,-2.15124
ST16,52.8107,-2.12074
ST17,52.7895,-2.10104
ST18,52.8144,-2.08352
ST19,52.7161,-2.14511
ST20,52.799,-2.25544
ST21,52.8684,-2.262
ST55,53.016,-2.2501
SW1A,51.502,-0.13385
SW1E,51.4968,-0.140156
SW1H,51.4977,-0.134478
SW1P,51.4888,-0.133952
SW1V,51.4907,-0.139457
SW1W,51.4933,-0.147681
SW1X,51.4975,-0.153422
SW1Y,51.5053,-0.135196
SW2,51.4508,-0.120661
SW3,51.4884,-0.165153
SW4,51.4616,-0.13724
SW5,51.4898,-0.189709
SW6,51.4774,-0.200539
SW7,51.4965,-0.176552
SW8,51.4765,-0.132813
SW9,51.4691,-0.11367
SW10,51.4838,-0.183036
SW11,51.4669,-0.164559
SW12,51.4462,-0.149904
SW13,51.4745,-0.248787
SW14,51.4665,-0.266683
SW15,51.458,-0.225842
SW16,51.4235,-0.129548
SW17,51.4302,-0.165129
SW18,51.4504,-0.191563
SW19,51.4222,-0.205294
SW20,51.4124,-0.224051
SW95,51.4805,-0.136332
SW99,51.4724,-0.115672
SY1,52.7199,-2.7432
SY2,52.7067,-2.73121
SY3,52.7002,-2.77109
SY4,52.7941,-2.7524
SY5,52.6553,-2.82658
SY6,52.5351,-2.79437
SY7,52.4263,-2.8828
SY8,52.3654,-2.69692
SY9,52.4964,-2.98175
SY10,52.8391,-3.10952
SY11,52.8672,-3.03173
SY12,52.9022,-2.89715
SY13,52.9532,-2.68944
SY14,53.0281,-2.76292
SY15,52.5605,-3.13419
SY16,52.5201,-3.31284
SY17,52.517,-3.46132
SY18,52.4418,-3.54963
SY19,52.5715,-3.5949
SY20,52.6133,-3.82095
SY21,52.6583,-3.20118
SY22,52.7583,-3.18151
SY23,52.3851,-4.05507
SY24,52.4692,-4.02532
SY25,52.2372,-3.936
SY99,52.7129,-2.74956
TA1,51.0163,-3.1057
TA2,51.0328,-3.10212
TA3,50.9945,-3.04168
TA4,51.0722,-3.266
TA5,51.1434,-3.0923
TA6,51.126,-3.001
TA7,51.1312,-2.91519
TA8,51.2439,-2.99481
TA9,51.226,-2.9592
TA10,51.0337,-2.82676
TA11,51.0602,-2.70901
TA12,50.9742,-2.77207
TA13,50.9471,-2.81045
TA14,50.948,-2.75112
TA15,50.9514,-2.72213
TA16,50.9078,-2.79304
TA17,50.9082,-2.8362
TA18,50.8828,-2.78809
TA19,50.9338,-2.91526
TA20,50.8731,-2.96154
TA21,50.9779,-3.24261
TA22,51.0449,-3.54673
TA23,51.165,-3.3492
TA24,51.1842,-3.50777
TD1,55.6227,-2.81141
TD2,55.7304,-2.75426
TD3,55.7016,-2.57324
TD4,55.6405,-2.67387
TD5,55.5891,-2.41871
TD6,55.5829,-2.69543
TD7,55.5379,-2.86964
TD8,55.4759,-2.5434
TD9,55.3996,-2.77749
TD10,55.7164,-2.44172
TD11,55.7874,-2.31504
TD12,55.6532,-2.2422
TD13,55.9362,-2.38476
TD14,55.8674,-2.12255
TD15,55.7511,-2.01314
TF1,52.7032,-2.50041
TF2,52.6974,-2.44111
TF3,52.6659,-2.44708
TF4,52.6609,-2.46916
TF5,52.7149,-2.53662
TF6,52.7335,-2.55399
TF7,52.6394,-2.44729
TF8,52.6303,-2.47846
TF9,52.8981,-2.47239
TF10,52.7686,-2.38615
TF11,52.6639,-2.36423
TF12,52.6129,-2.48087
TF13,52.5822,-2.57682
TN1,51.137,0.268069
TN2,51.1273,0.268337
TN3,51.1245,0.250242
TN4,51.147,0.258312
TN5,51.068,0.3578
TN6,51.054,0.171712
TN7,51.0915,0.110145
TN8,51.1952,0.0763964
TN9,51.1913,0.277999
TN10,51.2102,0.28426
TN11,51.2059,0.26706
TN12,51.1731,0.436552
TN13,51.2751,0.186029
TN14,51.295,0.163133
TN15,51.299,0.267808
TN16,51.2971,0.048543
TN17,51.0954,0.537406
TN18,51.0454,0.524386
TN19,51.0043,0.412722
TN20,51.0307,0.253889
TN21,50.9608,0.261258
TN22,50.9803,0.0975381
TN23,51.1408,0.860954
TN24,51.1497,0.884957
TN25,51.1433,0.932709
TN26,51.1015,0.805332
TN27,51.1659,0.711256
TN28,50.9835,0.949616
TN29,50.9927,0.932746
TN30,51.0641,0.695169
TN31,50.9606,0.695788
TN32,50.979,0.488936
TN33,50.9117,0.477255
TN34,50.863,0.579913
TN35,50.88,0.609647
TN36,50.9218,0.701338
TN37,50.8705,0.556268
TN38,50.8651,0.544756
TN39,50.846,0.45401
TN40,50.8438,0.480324
TQ1,50.4734,-3.52735
TQ2,50.4758,-3.54475
TQ3,50.4434,-3.5746
TQ4,50.4253,-3.57185
TQ5,50.3922,-3.52234
TQ6,50.3478,-3.59051
TQ7,50.2828,-3.7843
TQ8,50.2403,-3.77217
TQ9,50.4201,-3.69091
TQ10,50.4245,-3.81731
TQ11,50.4806,-3.7804
TQ12,50.5298,-3.61085
TQ13,50.5907,-3.712
TQ14,50.55,-3.50655
TR1,50.2621,-5.0537
TR2,50.2543,-4.95637
TR3,50.2202,-5.10803
TR4,50.2832,-5.13219
TR5,50.3072,-5.18758
TR6,50.3425,-5.153
TR7,50.4138,-5.07634
TR8,50.4005,-5.0402
TR9,50.414,-4.94174
TR10,50.1663,-5.1182
TR11,50.1505,-5.08777
TR12,50.0443,-5.18459
TR13,50.1095,-5.28588
TR14,50.2113,-5.29617
TR15,50.233,-5.23703
TR16,50.233,-5.22211
TR17,50.1254,-5.47095
TR18,50.1179,-5.54173
TR19,50.1019,-5.62645
TR20,50.1312,-5.49203
TR21,49.9481,-6.18766
TR22,49.8936,-6.34198
TR23,49.9539,-6.35263
TR24,49.9554,-6.33532
TR25,49.9643,-6.29337
TR26,50.203,-5.48014
TR27,50.1824,-5.40729
TR93,50.1294,-5.50275
TS1,54.5731,-1.23955
TS2,54.5835,-1.23727
TS3,54.5619,-1.19853
TS4,54.5571,-1.22377
TS5,54.5521,-1.25207
TS6,54.5675,-1.156
TS7,54.5331,-1.18666
TS8,54.5217,-1.23134
TS9,54.4691,-1.16838
TS10,54.6058,-1.07196
TS11,54.588,-1.03392
TS12,54.5634,-0.967158
TS13,54.5505,-0.858339
TS14,54.5323,-1.06186
TS15,54.4937,-1.33349
TS16,54.5261,-1.35373
TS17,54.539,-1.30491
TS18,54.5623,-1.32177
TS19,54.576,-1.3387
TS20,54.5855,-1.31444
TS21,54.6239,-1.42237
TS22,54.6194,-1.31878
TS23,54.6065,-1.28701
TS24,54.6938,-1.21069
TS25,54.6634,-1.22407
TS26,54.6884,-1.2306
TS27,54.7225,-1.28793
TS28,54.7255,-1.37495
TS29,54.7112,-1.41996
TS90,54.5759,-1.24494
TW1,51.4509,-0.32771
TW2,51.4472,-0.350077
TW3,51.4686,-0.363397
TW4,51.4669,-0.384367
TW5,51.4802,-0.381488
TW6,51.4685,-0.450956
TW7,51.4748,-0.331999
TW8,51.4861,-0.308352
TW9,51.4672,-0.296824
TW10,51.4515,-0.302838
TW11,51.4267,-0.332651
TW12,51.4211,-0.369501
TW13,51.4391,-0.403379
TW14,51.4522,-0.420018
TW15,51.4304,-0.455875
TW16,51.4164,-0.417516
TW17,51.3976,-0.447954
TW18,51.4292,-0.51049
TW19,51.4521,-0.505322
TW20,51.4279,-0.548827
UB1,51.5124,-0.376425
UB2,51.5006,-0.380694
UB3,51.5051,-0.421844
UB4,51.5231,-0.408572
UB5,51.5442,-0.374846
UB6,51.5402,-0.344405
UB7,51.507,-0.471287
UB8,51.537,-0.478848
UB9,51.5799,-0.491802
UB10,51.5473,-0.455421
UB11,51.5156,-0.45342
UB18,51.5007,-0.402684
W1A,51.5183,-0.131783
W1B,51.5141,-0.140663
W1C,51.5144,-0.149424
W1D,51.5136,-0.132936
W1E,,
W1F,51.5135,-0.136503
W1G,51.5191,-0.148035
W1H,51.5174,-0.159546
W1J,51.508,-0.144913
W1K,51.5112,-0.150856
W1M,51.5182,-0.150597
W1N,51.5187,-0.143713
W1P,51.5198,-0.137612
W1R,51.5129,-0.141066
W1S,51.5113,-0.142412
W1T,51.5201,-0.136463
W1U,51.5186,-0.153443
W1V,51.5124,-0.135874
W1W,51.5191,-0.140955
W1X,51.5095,-0.144369
W1Y,51.5101,-0.149848
W2,51.5147,-0.187135
W3,51.5083,-0.270133
W4,51.4914,-0.263624
W5,51.5122,-0.304002
W6,51.4925,-0.230945
W7,51.5098,-0.335142
W8,51.5004,-0.195374
W9,51.524,-0.193973
W10,51.5202,-0.220769
W11,51.5128,-0.215776
W12,51.5093,-0.237988
W13,51.5131,-0.321413
W14,51.4954,-0.211145
WA1,53.3927,-2.57996
WA2,53.4086,-2.58372
WA3,53.452,-2.54815
WA4,53.3701,-2.5812
WA5,53.3996,-2.63218
WA6,53.2755,-2.72395
WA7,53.3302,-2.70357
WA8,53.3726,-2.7397
WA9,53.437,-2.71998
WA10,53.4538,-2.75298
WA11,53.4771,-2.71959
WA12,53.4535,-2.63415
WA13,53.3825,-2.46582
WA14,53.3874,-2.35679
WA15,53.3844,-2.32862
WA16,53.3045,-2.37115
WA55,53.3916,-2.60886
WA88,53.368,-2.76867
WC1A,51.5189,-0.123293
WC1B,51.519,-0.126519
WC1E,51.5207,-0.132412
WC1H,51.5248,-0.126318
WC1N,51.522,-0.120631
WC1R,51.5192,-0.116984
WC1V,51.5177,-0.11816
WC1X,51.5244,-0.117298
WC2A,51.5161,-0.115394
WC2B,51.515,-0.120952
WC2E,51.5125,-0.123811
WC2H,51.5137,-0.127715
WC2N,51.5098,-0.125332
WC2R,51.5122,-0.118395
WC99,51.514,-0.124608
WD1,51.6487,-0.401655
WD2,51.6675,-0.378726
WD3,51.6435,-0.483048
WD4,51.7069,-0.454099
WD5,51.705,-0.422582
WD6,51.6567,-0.276478
WD7,51.6858,-0.312665
WD17,51.6608,-0.407046
WD18,51.6482,-0.419033
WD19,51.6327,-0.393752
WD23,51.6454,-0.366826
WD24,51.6696,-0.401229
WD25,51.6818,-0.392242
WD99,51.6488,-0.422103
WF1,53.684,-1.49887
WF2,53.6734,-1.51201
WF3,53.7216,-1.52386
WF4,53.6491,-1.51739
WF5,53.6806,-1.57691
WF6,53.7014,-1.41386
WF7,53.6671,-1.35115
WF8,53.687,-1.30154
WF9,53.6062,-1.32063
WF10,53.7236,-1.34986
WF11,53.7106,-1.25914
WF12,53.6841,-1.6223
WF13,53.6919,-1.64448
WF14,53.6805,-1.69106
WF15,53.7083,-1.69901
WF16,53.7097,-1.66861
WF17,53.7178,-1.64056
WF90,53.6726,-1.50288
WN1,53.5513,-2.62986
WN2,53.5363,-2.58465
WN3,53.5307,-2.64477
WN4,53.4973,-2.64338
WN5,53.5326,-2.68483
WN6,53.5732,-2.66949
WN7,53.4973,-2.51809
WN8,53.5522,-2.77173
WR1,52.1973,-2.2175
WR2,52.1916,-2.2398
WR3,52.216,-2.21034
WR4,52.2047,-2.19027
WR5,52.1797,-2.20029
WR6,52.2292,-2.36109
WR7,52.1974,-2.06376
WR8,52.0906,-2.20179
WR9,52.2684,-2.15722
WR10,52.1169,-2.06678
WR11,52.0949,-1.9299
WR12,52.0469,-1.87995
WR13,52.0948,-2.34182
WR14,52.1136,-2.32236
WR15,52.3061,-2.57264
WR78,52.2018,-2.21146
WR99,52.1974,-2.21995
WS1,52.5816,-1.97976
WS2,52.5887,-2.00197
WS3,52.617,-1.99156
WS4,52.6043,-1.96117
WS5,52.5683,-1.96147
WS6,52.6573,-2.02269
WS7,52.6805,-1.91558
WS8,52.6429,-1.93676
WS9,52.6092,-1.9193
WS10,52.5603,-2.02335
WS11,52.689,-2.01658
WS12,52.7031,-2.00216
WS13,52.6916,-1.81798
WS14,52.6697,-1.81341
WS15,52.7588,-1.92011
WV1,52.5868,-2.11826
WV2,52.5758,-2.12009
WV3,52.5808,-2.14829
WV4,52.5643,-2.14074
WV5,52.5332,-2.21052
WV6,52.5971,-2.17577
WV7,52.6343,-2.27669
WV8,52.6224,-2.18245
WV9,52.6313,-2.14072
WV10,52.6159,-2.11385
WV11,52.6098,-2.07181
WV12,52.6059,-2.04209
WV13,52.5856,-2.06269
WV14,52.5582,-2.07795
WV15,52.5174,-2.38007
WV16,52.5159,-2.43691
WV98,52.4062,-2.21961
WV99,52.6713,-2.42029
YO1,53.958,-1.07097
YO2,53.9484,-1.12164
YO3,53.9917,-1.0734
YO4,53.9082,-0.829513
YO5,54.0179,-1.31571
YO6,54.1544,-1.08035
YO7,54.2245,-1.35021
YO8,53.7855,-1.0568
YO10,53.9514,-1.06071
YO11,54.2689,-0.398525
YO12,54.2743,-0.422156
YO13,54.2868,-0.493502
YO14,54.1999,-0.298327
YO15,54.0916,-0.182332
YO16,54.0961,-0.199093
YO17,54.1396,-0.771402
YO18,54.2561,-0.767422
YO19,53.911,-1.026
YO21,54.4779,-0.702292
YO22,54.4525,-0.621446
YO23,53.9277,-1.11961
YO24,53.9473,-1.11427
YO25,54.0144,-0.419416
YO26,53.9743,-1.16659
YO30,53.984,-1.1109
YO31,53.9702,-1.06592
YO32,54.009,-1.0604
YO41,53.9692,-0.910598
YO42,53.9247,-0.788825
YO43,53.8508,-0.683937
YO51,54.0877,-1.38827
YO60,54.0846,-0.947672
YO61,54.1199,-1.19942
YO62,54.2443,-0.995253
YO90,53.9599,-1.09096
YO91,53.9779,-1.06637
YO95,53.9267,-0.815105
ZE1,60.1516,-1.16804
ZE2,60.3137,-1.22935
ZE3,59.8833,-1.30461